fecha;TMAX;TMIN;prec
1/1/2024;30;16,2;0
2/1/2024;32;10,6;0
3/1/2024;32;12,2;0,5
4/1/2024;30;16,4;30
5/1/2024;33;16,4;3
6/1/2024;31,6;18,8;0
7/1/2024;31,4;13,8;23,5
8/1/2024;29;15,6;0
9/1/2024;33;11,6;3
10/1/2024;31;10,8;0
11/1/2024;33;7,2;0
12/1/2024;29;9,2;0
13/1/2024;31,4;16;0
14/1/2024;27;18,7;0
15/1/2024;33;13,2;0,3
16/1/2024;32;15,8;0
17/1/2024;35;14,2;0
18/1/2024;32;17,8;0
19/1/2024;30;7,2;0
20/1/2024;31,6;9,8;0
21/1/2024;32,8;14,4;0
22/1/2024;35;15,6;0
23/1/2024;35;16,6;0
24/1/2024;35;17,2;0
25/1/2024;36;17,6;0
26/1/2024;36;18,6;0
27/1/2024;35,6;19,2;0
28/1/2024;34,6;18,4;0
29/1/2024;36;19;0
30/1/2024;39;20,2;0
31/1/2024;40;16,2;6
1/2/2024;40;21;0
2/2/2024;37;25;2
3/2/2024;33,6;18;0
4/2/2024;29,4;6,2;0
5/2/2024;25;14,8;15,5
6/2/2024;30;19,8;0,3
7/2/2024;28;22,2;0
8/2/2024;28;18,8;0
9/2/2024;27;20,6;13,8
10/2/2024;29,6;20,8;1,8
11/2/2024;34;16,6;4,4
12/2/2024;28,4;14,7;0
13/2/2024;23;6,4;0
14/2/2024;27;7;0
15/2/2024;30;13,6;0
16/2/2024;31;16,2;0
17/2/2024;31,8;16,6;0
18/2/2024;28,6;19,7;0
19/2/2024;34;12;0
20/2/2024;35;14,8;0
21/2/2024;35;18,2;0
22/2/2024;30;17,7;12
23/2/2024;25;16;0
24/2/2024;22,8;8,2;0
25/2/2024;26,8;8;0
26/2/2024;30;15,4;33,5
27/2/2024;31;17;0
28/2/2024;32;18,2;0
29/2/2024;27;10,4;0
1/3/2024;30;11,8;0
2/3/2024;26;18,2;0
3/3/2024;24;4,7;0
4/3/2024;24;5;0
5/3/2024;22;6,4;0
6/3/2024;28;10,7;0,6
7/3/2024;32;16,9;3,7
8/3/2024;28;18,2;0
9/3/2024;27;15;0
10/3/2024;29,6;8,8;12
11/3/2024;25;18,4;6
12/3/2024;26;19;0
13/3/2024;30;13,9;0
14/3/2024;26;16,6;0
15/3/2024;28;9,4;0
16/3/2024;25,2;14;0
17/3/2024;28,6;8,6;0
18/3/2024;29;15,8;0
19/3/2024;28;10,2;2,9
20/3/2024;25;16,7;0
21/3/2024;21;5,4;0
22/3/2024;25;3,4;0
23/3/2024;24,4;14,2;0
24/3/2024;27,4;11,5;0
25/3/2024;26;6,6;0
26/3/2024;28;11;12,2
27/3/2024;24;16,8;0,7
28/3/2024;26;16,6;0
29/3/2024;30;16,4;1,7
30/3/2024;26,7;14,2;0
31/3/2024;19,8;9,4;0
1/4/2024;21,4;4,6;0
2/4/2024;22,6;4,8;0
3/4/2024;23;13,8;0
4/4/2024;27,4;4,4;0
5/4/2024;29,6;5,2;0
6/4/2024;29,4;7;0
7/4/2024;28,2;12,8;0
8/4/2024;28,6;16,2;0
9/4/2024;21,6;11,7;0
10/4/2024;18,2;4,6;0
11/4/2024;16;3,8;0
12/4/2024;13,6;6,8;7,4
13/4/2024;21,4;9,4;4,1
14/4/2024;19,8;14,7;9,2
15/4/2024;20,6;17,2;40
16/4/2024;22;15;1,5
17/4/2024;19,4;9,5;0
18/4/2024;23,4;6,6;0
19/4/2024;24,6;13,6;0
20/4/2024;22,8;7;0
21/4/2024;18,2;8,2;0
22/4/2024;14,6;7;31,7
23/4/2024;16,4;7,2;0
24/4/2024;19;4,6;1,1
25/4/2024;19;5,2;0
26/4/2024;21,2;8,2;0
27/4/2024;14,8;4,4;0
28/4/2024;19,8;3,4;0
29/4/2024;21,6;9;0,5
30/4/2024;17,4;9,2;0
1/5/2024;13,6;2,7;0
2/5/2024;14;0,6;0
3/5/2024;17,5;-2,4;0
4/5/2024;18,6;5,4;0
5/5/2024;17,4;9,8;0
6/5/2024;20;7,2;0,6
7/5/2024;20;10,8;1,5
8/5/2024;15,8;8,7;0
9/5/2024;18;-1,7;0
10/5/2024;20;5,4;0
11/5/2024;14,8;3,4;0
12/5/2024;12,4;0,2;0
13/5/2024;11;-2;2,2
14/5/2024;12;0,8;0
15/5/2024;15;2,6;0
16/5/2024;16;0,2;1,4
17/5/2024;13;7,8;0
18/5/2024;10;4,8;0
19/5/2024;12,4;2;0
20/5/2024;15;3,7;0
21/5/2024;14;4;0
22/5/2024;17;-0,2;0
23/5/2024;13;2,6;3,8
24/5/2024;9;1,4;1,5
25/5/2024;10,4;-0,3;0
26/5/2024;10,6;-2,4;0
27/5/2024;12;3;0
28/5/2024;14;-3,6;0
29/5/2024;16;7,6;0
30/5/2024;16;2,2;0
31/5/2024;15;1,8;0
1/6/2024;17,6;4,6;0
2/6/2024;11,8;2,4;2,2
3/6/2024;10;0,6;0
4/6/2024;12;1,8;0
5/6/2024;18;6,4;0
6/6/2024;20;4,2;0
7/6/2024;21;4;10,6
8/6/2024;18,8;12,4;0,5
9/6/2024;19;13,7;9,2
10/6/2024;18;4,2;0
11/6/2024;20;5,8;0
12/6/2024;17;7;0
13/6/2024;19;14,7;0,7
14/6/2024;17;9,7;0
15/6/2024;18,8;3,4;0
16/6/2024;19;2,4;0
17/6/2024;18;6,8;0
18/6/2024;16;8,7;1,2
19/6/2024;16;5,2;0
20/6/2024;10;-3,6;0
21/6/2024;14;7;3,3
22/6/2024;14;7,6;0,6
23/6/2024;10,2;3,8;0,8
24/6/2024;10;4;1,1
25/6/2024;10;-0,6;0
26/6/2024;15;1,2;0
27/6/2024;14;6,2;0
28/6/2024;9;2,8;0
29/6/2024;8;-2,2;0
30/6/2024;15,2;-4;0
1/7/2024;15;0,6;0
2/7/2024;19;2,8;0
3/7/2024;12;3,4;0
4/7/2024;10;-0,4;0
5/7/2024;9;-0,8;0
6/7/2024;8,6;-2,2;0,6
7/7/2024;7;-5,2;0
8/7/2024;9;-8,2;0
9/7/2024;9;-5,2;0
10/7/2024;10;-6,4;0
11/7/2024;11;-3,6;0
12/7/2024;12;-3,4;0
13/7/2024;14,2;-5,4;0
14/7/2024;13,8;-3,4;0
15/7/2024;16;-1,8;0
16/7/2024;17;7,4;0
17/7/2024;16;-1,8;0
18/7/2024;16;6,8;0
19/7/2024;10,7;5,6;0
20/7/2024;9,6;-6,6;0
21/7/2024;14;3;0
22/7/2024;21;-0,8;0
23/7/2024;21;3,2;0
24/7/2024;21;11,2;0
25/7/2024;22;0,6;0
26/7/2024;20;0,2;0
27/7/2024;14,8;-3,6;0
28/7/2024;11;-8,2;0
29/7/2024;13;-8,8;0
30/7/2024;16;-1,6;0
31/7/2024;19;5,6;0
1/8/2024;20;11;0
2/8/2024;25;15;0
3/8/2024;19,4;7,6;0
4/8/2024;20;-1,2;0
5/8/2024;20;1,2;0
6/8/2024;14;9,7;4
7/8/2024;11;6,6;44
8/8/2024;10;4,6;0,6
9/8/2024;13;-2,6;0,1
10/8/2024;15,4;4;0
11/8/2024;11,2;5,2;1,8
12/8/2024;15;-0,6;0
13/8/2024;20;5;0
14/8/2024;21;3;0
15/8/2024;13,2;6;0
16/8/2024;11;4;0
17/8/2024;10,6;2;0
18/8/2024;10,6;6,4;0
19/8/2024;10;4,6;0
20/8/2024;11;-3,2;0
21/8/2024;7;3,8;8,3
22/8/2024;9;4;0,8
23/8/2024;12;-2,7;0
24/8/2024;11,8;-3,4;0,2
25/8/2024;12,4;-1,8;0
26/8/2024;15;1,8;0
27/8/2024;17;2;0
28/8/2024;20;-0,8;0
29/8/2024;18;-0,2;0
30/8/2024;15;-4,8;0
31/8/2024;12,8;-0,4;0
1/9/2024;19,6;-2;0
2/9/2024;20,2;9,4;0
3/9/2024;18;-0,2;0
4/9/2024;15,2;0,6;0
5/9/2024;19,2;-3,6;0
6/9/2024;20;5,8;0
7/9/2024;22;1,2;0
8/9/2024;23,2;-1,8;0
9/9/2024;20,8;7,6;2
10/9/2024;14,8;1,6;3,9
11/9/2024;16,6;2,6;0
12/9/2024;19,6;-1,4;0
13/9/2024;19,4;6,6;0
14/9/2024;18;-2,8;0
15/9/2024;24,4;6,8;0
16/9/2024;21,4;-0,6;0
17/9/2024;26,8;7,8;0
18/9/2024;28,4;10,3;0
19/9/2024;21,6;12;15,5
20/9/2024;18,4;9,2;0
21/9/2024;23,2;9,2;32,5
22/9/2024;18,6;9;0
23/9/2024;19,2;5,6;0
24/9/2024;21,6;3;0
25/9/2024;18,4;6;0
26/9/2024;19,4;0;0
27/9/2024;21,8;4,4;0
28/9/2024;24,4;8,4;0
29/9/2024;26,6;8,6;15,5
30/9/2024;22;15,5;0,5
1/10/2024;16,6;7,6;0
2/10/2024;13,6;0,2;0
3/10/2024;19,8;-1,6;0
4/10/2024;23,2;8,4;0
5/10/2024;18,8;8,8;0
6/10/2024;20,6;3,6;0
7/10/2024;21,8;11,7;0
8/10/2024;16,6;8;0
9/10/2024;19,3;5;0
10/10/2024;22,8;8;0
11/10/2024;19,4;10,2;0
12/10/2024;22,4;1,8;0
13/10/2024;26,4;2,6;16,5
14/10/2024;26,4;10,4;0
15/10/2024;23,4;12,2;0
16/10/2024;27;5,4;10,5
17/10/2024;23,6;14;0
18/10/2024;25,9;6,2;0
19/10/2024;28,8;12,6;0
20/10/2024;29,2;16,2;0
21/10/2024;28,8;18,2;0
22/10/2024;29,4;5,8;0
23/10/2024;22;12,6;0
24/10/2024;26;8,2;0
25/10/2024;19,4;8,4;0,6
26/10/2024;21,6;2,6;0
27/10/2024;28,4;3,6;0
28/10/2024;32;13,8;0
29/10/2024;34,4;8,2;0
30/10/2024;35,6;19,4;0
31/10/2024;32;16,8;0
1/11/2024;32,6;17,8;13
2/11/2024;27,6;12;0
3/11/2024;24,2;5;28,2
4/11/2024;23,4;13,4;3,5
5/11/2024;26;6,4;0
6/11/2024;20,6;12,56;4
7/11/2024;19,2;4,1;0
8/11/2024;25,2;5,6;0
9/11/2024;27,6;14,6;6,3
10/11/2024;20,8;15,2;23
11/11/2024;16,4;6,6;2,8
12/11/2024;21,8;4,2;0
13/11/2024;28,2;7,8;0
14/11/2024;31,8;12,2;0
15/11/2024;31,4;15;21
16/11/2024;16,4;12;30,2
17/11/2024;17,8;10,6;0
18/11/2024;26,4;3;0
19/11/2024;24,2;11,2;0
20/11/2024;26,2;12,4;0
21/11/2024;27,8;14,6;0
22/11/2024;28,6;14,4;0
23/11/2024;30;15,8;0
24/11/2024;25,8;17,8;24,5
25/11/2024;24,4;14,6;6,5
26/11/2024;27,6;11,6;0
27/11/2024;26;9,8;0
28/11/2024;23,8;10,2;1,3
29/11/2024;23,6;9,6;0
30/11/2024;26;7;12
;;;
;;;
;;;
;;;
;;;
;;;
;;;
;;;
;;;
;;;
;;;
;;;
;;;
;;;
;;;
;;;
;;;
;;;
;;;
;;;
;;;
;;;
;;;
;;;
;;;
;;;
;;;
;;;
;;;
;;;
;;;
;;;
;;;
;;;
;;;
;;;
;;;
;;;
;;;
;;;
;;;
;;;
;;;
;;;
;;;
;;;
;;;
;;;
;;;
;;;
;;;
;;;
;;;
;;;
;;;
;;;
;;;
;;;
;;;
;;;
;;;
;;;
;;;
;;;
;;;
;;;
;;;
;;;
;;;
;;;
;;;
;;;
;;;
;;;
;;;
;;;
;;;
;;;
;;;
;;;
;;;
;;;
;;;
;;;
;;;
;;;
;;;
;;;
;;;
;;;
;;;
;;;
;;;
;;;
;;;
;;;
;;;
;;;
;;;
;;;
;;;
;;;
;;;
;;;
;;;
;;;
;;;
;;;
;;;
;;;
;;;
;;;
;;;
;;;
;;;
;;;
;;;
;;;
;;;
;;;
;;;
;;;
;;;
;;;
;;;
;;;
;;;
;;;
;;;
;;;
;;;
;;;
;;;
;;;
;;;
;;;
;;;
;;;
;;;
;;;
;;;
;;;
;;;
;;;
;;;
;;;
;;;
;;;
;;;
;;;
;;;
;;;
;;;
;;;
;;;
;;;
;;;
;;;
;;;
;;;
;;;
;;;
;;;
;;;
;;;
;;;
;;;
;;;
;;;
;;;
;;;
;;;
;;;
;;;
;;;
;;;
;;;
;;;
;;;
;;;
;;;
;;;
;;;
;;;
;;;
;;;
;;;
;;;
;;;
;;;
;;;
;;;
;;;
;;;
;;;
;;;
;;;
;;;
;;;
;;;
;;;
;;;
;;;
;;;
;;;
;;;
;;;
;;;
;;;
;;;
;;;
;;;
;;;
;;;
;;;
;;;
;;;
;;;
;;;
;;;
;;;
;;;
;;;
;;;
;;;
;;;
;;;
;;;
;;;
;;;
;;;
;;;
;;;
;;;
;;;
;;;
;;;
;;;
;;;
;;;
;;;
;;;
;;;
;;;
;;;
;;;
;;;
;;;
;;;
;;;
;;;
;;;
;;;
;;;
;;;
;;;
;;;
;;;
;;;
;;;
;;;
;;;
;;;
;;;
;;;
;;;
;;;
;;;
;;;
;;;
;;;
;;;
;;;
;;;
;;;
;;;
;;;
;;;
;;;
;;;
;;;
;;;
;;;
;;;
;;;
;;;
;;;
;;;
;;;
;;;
;;;
;;;
;;;
;;;
;;;
;;;
;;;
;;;
;;;
;;;
;;;
;;;
;;;
;;;
;;;
;;;
;;;
;;;
;;;
;;;
;;;
;;;
;;;
;;;
;;;
;;;
;;;
;;;
;;;
;;;
;;;
;;;
;;;
;;;
;;;
;;;
;;;
;;;
;;;
;;;
;;;
;;;
;;;
;;;
;;;
;;;
;;;
;;;
;;;
;;;
;;;
;;;
;;;
;;;
;;;
;;;
;;;
;;;
;;;
;;;
;;;
;;;
;;;
;;;
;;;
;;;
;;;
;;;
;;;
;;;
;;;
;;;
;;;
;;;
;;;
;;;
;;;
;;;
;;;
;;;
;;;
;;;
;;;
;;;
;;;
;;;
;;;
;;;
;;;
;;;
;;;
;;;
;;;
;;;
;;;
;;;
;;;
;;;
;;;
;;;
;;;
;;;
;;;
;;;
;;;
;;;
;;;
;;;
;;;
;;;
;;;
;;;
;;;
;;;
;;;
;;;
;;;
;;;
;;;
;;;
;;;
;;;
;;;
;;;
;;;
;;;
;;;
;;;
;;;
;;;
;;;
;;;
;;;
;;;
;;;
;;;
;;;
;;;
;;;
;;;
;;;
;;;
;;;
;;;
;;;
;;;
;;;
;;;
;;;
;;;
;;;
;;;
;;;
;;;
;;;
;;;
;;;
;;;
;;;
;;;
;;;
;;;
;;;
;;;
;;;
;;;
;;;
;;;
;;;
;;;
;;;
;;;
;;;
;;;
;;;
;;;
;;;
;;;
;;;
;;;
;;;
;;;
;;;
;;;
;;;
;;;
;;;
;;;
;;;
;;;
;;;
;;;
;;;
;;;
;;;
;;;
;;;
;;;
;;;
;;;
;;;
;;;
;;;
;;;
;;;
;;;
;;;
;;;
;;;
;;;
;;;
;;;
;;;
;;;
;;;
;;;
;;;
;;;
;;;
;;;
;;;
;;;
;;;
;;;
;;;
;;;
;;;
;;;
;;;
;;;
;;;
;;;
;;;
;;;
;;;
;;;
;;;
;;;
;;;
;;;
;;;
;;;
;;;
;;;
;;;
;;;
;;;
;;;
;;;
;;;
;;;
;;;
;;;
;;;
;;;
;;;
;;;
;;;
;;;
;;;
;;;
;;;
;;;
;;;
;;;
;;;
;;;
;;;
;;;
;;;
;;;
;;;
;;;
;;;
;;;
;;;
;;;
;;;
;;;
;;;
;;;
;;;
;;;
;;;
;;;
;;;
;;;
;;;
;;;
;;;
;;;
;;;
;;;
;;;
;;;
;;;
;;;
;;;
;;;
;;;
;;;
;;;
;;;
;;;
;;;
;;;
;;;
;;;
;;;
;;;
;;;
;;;
;;;
;;;
;;;
;;;
;;;
;;;
;;;
;;;
;;;
;;;
;;;
;;;
;;;
;;;
;;;
;;;
;;;
;;;
;;;
;;;
;;;
;;;
;;;
;;;
;;;
;;;
;;;
;;;
;;;
;;;
;;;
;;;
;;;
;;;
;;;
;;;
;;;
;;;
;;;
;;;
;;;
;;;
;;;
;;;
;;;
;;;
;;;
;;;
;;;
;;;
;;;
;;;
;;;
;;;
;;;
;;;
;;;
;;;
;;;
;;;
;;;
;;;
;;;
;;;
;;;
;;;
;;;
;;;
;;;
;;;
;;;
;;;
;;;
;;;
;;;
;;;
;;;
;;;
;;;
;;;
;;;
;;;
;;;
;;;
;;;
;;;
;;;
;;;
;;;
;;;
;;;
;;;
;;;
;;;
;;;
;;;
;;;
;;;
;;;
;;;
;;;
;;;
;;;
;;;
;;;
;;;
;;;
;;;
;;;
;;;
;;;
;;;
;;;
;;;
;;;
;;;
;;;
;;;
;;;
;;;
;;;
;;;
;;;
;;;
;;;
;;;
;;;
;;;
;;;
;;;
;;;
;;;
;;;
;;;
;;;
;;;
;;;
;;;
;;;
;;;
;;;
;;;
;;;
;;;
;;;
;;;
;;;
;;;
;;;
;;;
;;;
;;;
;;;
;;;
;;;
;;;
;;;
;;;
;;;
;;;
;;;
;;;
;;;
;;;
;;;
;;;
;;;
;;;
;;;
;;;
;;;
;;;
;;;
;;;
;;;
;;;
;;;
;;;
;;;
;;;
;;;
;;;
;;;
;;;
;;;
;;;
;;;
;;;
;;;
;;;
;;;
;;;
;;;
;;;
;;;
;;;
;;;
;;;
;;;
;;;
;;;
;;;
;;;
;;;
;;;
;;;
;;;
;;;
;;;
;;;
;;;
;;;
;;;
;;;
;;;
;;;
;;;
;;;
;;;
;;;
;;;
;;;
;;;
;;;
;;;
;;;
;;;
;;;
;;;
;;;
;;;
;;;
;;;
;;;
;;;
;;;
;;;
;;;
;;;
;;;
;;;
;;;
;;;
;;;
;;;
;;;
;;;
;;;
;;;
;;;
;;;
;;;
;;;
;;;
;;;
;;;
;;;
;;;
;;;
;;;
;;;
;;;
;;;
;;;
;;;
;;;
;;;
;;;
;;;
;;;
;;;
;;;
;;;
;;;
;;;0
;;;0
;;;1,5
;;;0,7
;;;
;;;0
;;;4,2
;;;0,5
;;;0
;;;0,4
;;;0
;;;0
;;;0
;;;0
;;;0
;;;0
;;;0
;;;0
;;;1
;;;0
;;;0
;;;0
;;;0
;;;0
;;;0,4
;;;19
;;;17
;;;0
;;;0
;;;0
;;;0
;;;0
;;;0
;;;0
;;;0
;;;0
;;;0
;;;0
;;;0
;;;0
;;;0
;;;0
;;;0
;;;0
;;;0
;;;0
;;;1
;;;0
;;;0,3
;;;1,4
;;;13,5
;;;0
;;;0
;;;0
;;;1
;;;0
;;;0
;;;0
;;;0
;;;0
;;;0
;;;10
;;;18,6
;;;0
;;;0
;;;0
;;;0
;;;0,4
;;;0
;;;1
;;;22
;;;4,4
;;;0
;;;0,9
;;;0
;;;0
;;;0
;;;0,3
;;;0
;;;8
;;;0
;;;0
;;;0,5
;;;0
;;;0
;;;1,5
;;;0
;;;0
;;;0
;;;0
;;;0
;;;0
;;;0
;;;0
;;;5,5
;;;0,3
;;;0
;;;0
;;;0
;;;6,7
;;;3
;;;0
;;;0
;;;0
;;;0
;;;0
;;;0
;;;0,2
;;;0
;;;0
;;;0
;;;0
;;;0
;;;0
;;;0
;;;12,5
;;;0,3
;;;8,5
;;;0
;;;0
;;;0
;;;0
;;;0
;;;0
;;;25
;;;1
;;;0,5
;;;0
;;;0
;;;0
;;;0
;;;0,1
;;;7,5
;;;0
;;;1,2
;;;17,5
;;;1,5
;;;4,2
;;;0
;;;0
;;;0
;;;0,9
;;;0
;;;0
;;;0
;;;0
;;;4
;;;0
;;;0
;;;35
;;;0
;;;0,4
;;;0
;;;0
;;;0
;;;0,8
;;;0,4
;;;0
;;;0
;;;0
;;;0
;;;0
;;;0
;;;0
;;;30,5
;;;0
;;;0
;;;9,4
;;;0,3
;;;8,7
;;;0,4
;;;11,3
;;;1
;;;0
;;;0
;;;0
;;;0
;;;0,4
;;;0
;;;0
;;;0
;;;1,7
;;;0,2
;;;0
;;;0
;;;0
;;;14
;;;0
;;;0
;;;0
;;;1,6
;;;0
;;;0
;;;0
;;;0
;;;0
;;;8,6
;;;30,7
;;;0,4
;;;0
;;;0,4
;;;0
;;;7,5
;;;0
;;;0
;;;15
;;;5,5
;;;0
;;;0
;;;0
;;;0
;;;4,5
;;;0
;;;0
;;;0
;;;0
;;;6,2
;;;0
;;;0
;;;0
;;;10,9
;;;0,3
;;;0
;;;0
;;;0
;;;0
;;;0
;;;0
;;;0
;;;0
;;;9,7
;;;0
;;;0
;;;0
;;;27,5
;;;0
;;;0
;;;0
;;;0
;;;0
;;;0
;;;0
;;;3,2
;;;1
;;;1,8
;;;0,3
;;;0
;;;0
;;;0
;;;
;;;0
;;;0
;;;0
;;;0
;;;0
;;;29
;;;0
;;;2,4
;;;0
;;;0
;;;0
;;;0
;;;11,5
;;;17,1
;;;0
;;;0
;;;0
;;;0
;;;8,5
;;;0
;;;0
;;;0
;;;0
;;;0
;;;1,5
;;;12,5
;;;0
;;;0
;;;0,7
;;;1,6
;;;0
;;;0
;;;0
;;;1,9
;;;0
;;;6,8
;;;0
;;;1,7
;;;0
;;;4,5
;;;0
;;;34
;;;23
;;;0
;;;0
;;;0
;;;4
;;;0,4
;;;0
;;;0
;;;0
;;;0
;;;0
;;;0
;;;5,1
;;;0
;;;24,5
;;;0
;;;0
;;;0
;;;0
;;;0
;;;0
;;;0
;;;0
;;;0
;;;0
;;;8
;;;0,1
;;;0
;;;0
;;;0
;;;0
;;;0
;;;0
;;;0
;;;7
;;;0,5
;;;20,8
;;;20
;;;0
;;;6
;;;0
;;;0
;;;0
;;;1,1
;;;0
;;;17,7
;;;0
;;;0
;;;0
;;;0
;;;0
;;;0
;;;0
;;;1,3
;;;0
;;;2
;;;0
;;;10,1
;;;1,8
;;;1,8
;;;0
;;;0
;;;0
;;;0
;;;0
;;;0
;;;0
;;;0
;;;0
;;;0
;;;1,2
;;;0,9
;;;0
;;;0
;;;0
;;;0
;;;0
;;;0
;;;0
;;;0
;;;0
;;;0
;;;0
;;;0
;;;0
;;;0
;;;0
;;;0
;;;29,5
;;;0
;;;0
;;;0
;;;0
;;;3,3
;;;24
;;;22,8
;;;0
;;;6,4
;;;5,6
;;;1,2
;;;0
;;;0
;;;8
;;;0
;;;0
;;;0
;;;0
;;;0
;;;0
;;;0
;;;0,4
;;;18,1
;;;0
;;;0
;;;0
;;;0
;;;0
;;;0
;;;0
;;;0
;;;0
;;;0
;;;0
;;;0,4
;;;0,4
;;;0
;;;0
;;;0
;;;0
;;;0
;;;0
;;;0
;;;0
;;;2,3
;;;0
;;;0
;;;1,5
;;;0
;;;0
;;;0
;;;0,3
;;;0,4
;;;0,1
;;;0
;;;0,5
;;;0
;;;0,6
;;;0
;;;0
;;;0
;;;0
;;;0
;;;0
;;;0,5
;;;0
;;;0
;;;0
;;;0
;;;0
;;;0
;;;0
;;;0
;;;0
;;;0
;;;0
;;;0
;;;0
;;;0
;;;0
;;;9,7
;;;4,2
;;;0
;;;0
;;;0
;;;0
;;;0
;;;1,6
;;;0
;;;0
;;;0
;;;0
;;;0
;;;0
;;;1,9
;;;0,5
;;;0
;;;0,6
;;;0
;;;0,5
;;;0
;;;0
;;;0
;;;0
;;;0
;;;0
;;;0
;;;0
;;;0
;;;22,3
;;;0
;;;0
;;;0
;;;0,8
;;;0
;;;0
;;;1,9
;;;1,2
;;;0
;;;9,5
;;;0,3
;;;1,4
;;;0
;;;0
;;;0
;;;0
;;;0
;;;16,5
;;;0
;;;0
;;;5,6
;;;0
;;;0
;;;0
;;;0
;;;0
;;;0
;;;0
;;;0
;;;0
;;;0
;;;36,8
;;;15,5
;;;0
;;;0
;;;4,2
;;;0
;;;0
;;;0,5
;;;0
;;;0
;;;0
;;;0
;;;0
;;;0
;;;0
;;;18,3
;;;0
;;;0
;;;0
;;;0,5
;;;0,7
;;;0
;;;0
;;;0
;;;0
;;;15,8
;;;0,9
;;;0
;;;0
;;;0
;;;0
;;;0
;;;0
;;;0
;;;13,5
;;;9,4
;;;0
;;;0
;;;0
;;;0
;;;0
;;;0
;;;0
;;;8,2
;;;0,5
;;;7,1
;;;0
;;;0
;;;19,6
;;;0
;;;0,7
;;;0
;;;0
;;;0
;;;0
;;;1,4
;;;0
;;;0
;;;21,4
;;;3,5
;;;0
;;;0
;;;16
;;;7,4
;;;0
;;;0
;;;0
;;;0
;;;0
;;;9,5
;;;3,1
;;;11,8
;;;0
;;;3,4
;;;0
;;;0
;;;0
;;;0
;;;0
;;;0
;;;18,3
;;;0
;;;0
;;;0
;;;0
;;;0
;;;0
;;;0
;;;0
;;;0,6
;;;0
;;;0
;;;1,8
;;;0
;;;0
;;;0,8
;;;0
;;;0
;;;0
;;;0
;;;2,6
;;;0
;;;0
;;;0
;;;0
;;;0
;;;38
;;;52
;;;2,8
;;;0,3
;;;0
;;;0
;;;0
;;;9,3
;;;0
;;;0
;;;0
;;;0
;;;0
;;;0
;;;0
;;;0
;;;13,7
;;;0,2
;;;2,1
;;;0
;;;0
;;;0,6
;;;0
;;;0
;;;0
;;;1,5
;;;0
;;;0
;;;3,7
;;;0
;;;20
;;;3,1
;;;0
;;;0
;;;0
;;;0
;;;0
;;;0
;;;0
;;;0
;;;0
;;;0
;;;0
;;;7,5
;;;0
;;;0
;;;0
;;;0
;;;0
;;;0
;;;0,2
;;;0
;;;0
;;;0
;;;0
;;;0
;;;0
;;;0
;;;0
;;;0
;;;0
;;;0
;;;0
;;;0
;;;0
;;;0
;;;0
;;;0
;;;0
;;;0
;;;0
;;;0
;;;0
;;;0
;;;0
;;;0
;;;0
;;;0
;;;0
;;;0
;;;0
;;;0
;;;0
;;;31,6
;;;0
;;;0
;;;2,1
;;;0,4
;;;0
;;;0
;;;4,4
;;;0,3
;;;0
;;;0,4
;;;0
;;;0
;;;0
;;;0
;;;0
;;;0
;;;0
;;;0
;;;0
;;;0
;;;0
;;;0
;;;0
;;;0
;;;0
;;;0
;;;0
;;;35,5
;;;0
;;;0
;;;0
;;;0
;;;0
;;;0
;;;0,7
;;;7,3
;;;4,4
;;;0
;;;1,3
;;;6,5
;;;0
;;;0
;;;4,3
;;;2,2
;;;1,5
;;;0
;;;0
;;;0
;;;0,2
;;;0
;;;0
;;;0
;;;2,4
;;;0
;;;0
;;;0
;;;0
;;;0
;;;0
;;;0
;;;4,8
;;;0
;;;0
;;;0
;;;0
;;;0
;;;0
;;;0
;;;0
;;;0
;;;0
;;;0
;;;0
;;;0
;;;0
;;;0,4
;;;0
;;;0,5
;;;1,3
;;;0
;;;6,6
;;;26,3
;;;5,2
;;;0
;;;0
;;;0
;;;3,8
;;;0,5
;;;12,6
;;;0
;;;0
;;;0,6
;;;0,9
;;;1,8
;;;0,4
;;;0
;;;0
;;;2,8
;;;2,1
;;;0,6
;;;0
;;;0
;;;0
;;;0
;;;0
;;;0
;;;0
;;;0
;;;0
;;;28,7
;;;0
;;;0
;;;0
;;;0
;;;0,4
;;;0
;;;0
;;;0
;;;0
;;;0
;;;0
;;;0
;;;0
;;;8,1
;;;0
;;;4
;;;48,5
;;;0
;;;0
;;;0,1
;;;4,1
;;;0
;;;0,5
;;;2
;;;0
;;;0
;;;0
;;;0
;;;0
;;;0
;;;0
;;;0,3
;;;0
;;;0
;;;0
;;;0
;;;0
;;;0
;;;0,5
;;;0
;;;0
;;;0
;;;0
;;;0
;;;4,8
;;;0
;;;0,5
;;;0
;;;0
;;;2,6
;;;0
;;;0
;;;0
;;;0
;;;0
;;;0
;;;0
;;;0
;;;0
;;;0
;;;0
;;;0
;;;0
;;;0
;;;0
;;;0
;;;0
;;;0
;;;0
;;;0
;;;0
;;;2
;;;0
;;;4,5
;;;6,9
;;;1,1
;;;0
;;;0
;;;0
;;;0
;;;0
;;;0
;;;5,5
;;;0
;;;0
;;;0
;;;7,6
;;;0
;;;0,3
;;;0
;;;0
;;;0
;;;12
;;;0
;;;0
;;;0
;;;0
;;;0
;;;5
;;;27
;;;0,8
;;;0
;;;0,5
;;;0
;;;0
;;;0
;;;0,5
;;;0
;;;0
;;;0
;;;0
;;;0
;;;0
;;;0
;;;0
;;;0
;;;2,5
;;;0
;;;14,6
;;;5,5
;;;0
;;;0
;;;0
;;;0
;;;0
;;;15
;;;5,8
;;;0
;;;0
;;;22,8
;;;0
;;;0
;;;0
;;;0
;;;0
;;;9,3
;;;12,5
;;;0
;;;2,4
;;;0,6
;;;0
;;;0
;;;0
;;;0,5
;;;0
;;;0
;;;3,4
;;;0
;;;0,2
;;;0
;;;0
;;;2,2
;;;0
;;;0
;;;0
;;;0
;;;0
;;;0
;;;2,1
;;;8,7
;;;0,1
;;;0
;;;0
;;;0
;;;2,2
;;;18,5
;;;0,5
;;;0
;;;0
;;;0
;;;0
;;;0
;;;0
;;;0
;;;21
;;;0
;;;0
;;;0
;;;0
;;;0
;;;0
;;;0
;;;0
;;;0
;;;0
;;;0
;;;8,7
;;;0
;;;0
;;;0,6
;;;0
;;;0
;;;0
;;;0
;;;0
;;;1
;;;1,5
;;;0
;;;0
;;;0
;;;1,1
;;;0,2
;;;0
;;;0,3
;;;0
;;;7,2
;;;24,4
;;;4,2
;;;0
;;;14,2
;;;0,4
;;;0
;;;6,5
;;;0,5
;;;0
;;;0
;;;0
;;;50,5
;;;17
;;;0
;;;0,4
;;;3,8
;;;0
;;;0
;;;0
;;;0
;;;0
;;;0
;;;0
;;;0
;;;0
;;;1,2
;;;0
;;;16,4
;;;4,8
;;;0
;;;0
;;;0
;;;0
;;;1,7
;;;0
;;;0
;;;0
;;;0
;;;0
;;;0
;;;0
;;;0
;;;0
;;;0
;;;0
;;;0
;;;0
;;;0
;;;0
;;;0
;;;0
;;;0
;;;0
;;;21,3
;;;16,4
;;;0
;;;0
;;;0,5
;;;1,8
;;;0
;;;0
;;;0
;;;0
;;;14,4
;;;0,9
;;;0
;;;0
;;;0
;;;0
;;;0
;;;0
;;;2,3
;;;0,6
;;;29,3
;;;0
;;;0
;;;0
;;;0
;;;0
;;;0
;;;5,6
;;;0
;;;0
;;;0
;;;0
;;;0
;;;0
;;;0
;;;0
;;;0
;;;0
;;;0
;;;0
;;;4,8
;;;1,7
;;;0
;;;0
;;;0
;;;0
;;;0
;;;0
;;;0
;;;0
;;;0
;;;0
;;;0
;;;0
;;;0
;;;2,8
;;;12,7
;;;0
;;;25,6
;;;5,6
;;;13,8
;;;0
;;;0,2
;;;0
;;;0,5
;;;2,3
;;;1,6
;;;0,2
;;;0
;;;0
;;;0
;;;0,5
;;;14,2
;;;1
;;;0
;;;0
;;;0
;;;0,5
;;;1
;;;0
;;;0
;;;0
;;;0
;;;0
;;;0
;;;0
;;;0
;;;0,3
;;;1,7
;;;1,2
;;;1
;;;8,1
;;;0,5
;;;0
;;;0
;;;0
;;;0
;;;0
;;;0
;;;0,1
;;;0
;;;0
;;;8,3
;;;0,5
;;;0
;;;0
;;;0
;;;20,8
;;;5,2
;;;0
;;;0,9
;;;0
;;;0
;;;0
;;;0
;;;0
;;;0
;;;0
;;;0
;;;0
;;;0
;;;0
;;;0
;;;1,2
;;;2,7
;;;0
;;;0
;;;0
;;;0
;;;0
;;;0
;;;0,4
;;;0
;;;0
;;;0
;;;0
;;;0
;;;0
;;;0
;;;0
;;;0
;;;0
;;;4,1
;;;0
;;;0
;;;0
;;;0
;;;0
;;;0
;;;0
;;;0
;;;0
;;;0
;;;0
;;;0
;;;0
;;;0
;;;0
;;;0
;;;0
;;;0
;;;0
;;;0
;;;0
;;;0
;;;0
;;;0
;;;0
;;;0
;;;0
;;;13,4
;;;12
;;;0
;;;0
;;;10,7
;;;0
;;;0
;;;0
;;;2,2
;;;0
;;;0
;;;17,4
;;;0
;;;0
;;;0
;;;0
;;;0
;;;0
;;;0
;;;0
;;;0
;;;0
;;;0
;;;1,4
;;;0
;;;0
;;;0
;;;1,1
;;;0,7
;;;0,5
;;;0
;;;0
;;;0
;;;0
;;;0
;;;19,5
;;;12,9
;;;0
;;;3,4
;;;0
;;;0
;;;0,2
;;;0
;;;27,1
;;;0
;;;0
;;;1
;;;8,6
;;;0
;;;0
;;;0
;;;0
;;;14
;;;3,9
;;;0
;;;11,8
;;;0
;;;4
;;;0,1
;;;0
;;;0
;;;14,5
;;;0
;;;0
;;;0,8
;;;0
;;;3,4
;;;2,2
;;;0
;;;0
;;;0
;;;22,5
;;;0
;;;12,1
;;;0
;;;0
;;;28,4
;;;0
;;;0
;;;0
;;;0
;;;11,3
;;;2,3
;;;18
;;;0,6
;;;0
;;;0
;;;0
;;;0
;;;0
;;;0
;;;0
;;;0
;;;0
;;;0,4
;;;0,3
;;;34,8
;;;0
;;;0
;;;0
;;;0,5
;;;0
;;;0
;;;0
;;;0
;;;0
;;;0
;;;0
;;;8,4
;;;0
;;;1,6
;;;0
;;;0
;;;0
;;;29,3
;;;0
;;;0
;;;0
;;;0
;;;0
;;;0
;;;22,4
;;;0
;;;0
;;;0
;;;0
;;;0
;;;0
;;;0
;;;0
;;;0
;;;0,1
;;;0
;;;0
;;;0
;;;0
;;;46,1
;;;0
;;;0
;;;0
;;;5,8
;;;3,1
;;;0
;;;0
;;;0
;;;0
;;;0
;;;20,3
;;;25,3
;;;0
;;;0
;;;0
;;;0
;;;0
;;;0
;;;0
;;;0
;;;0
;;;0
;;;0
;;;0
;;;0
;;;1,1
;;;0
;;;0
;;;0
;;;0,7
;;;0
;;;0
;;;0
;;;4,7
;;;0
;;;12,5
;;;3,5
;;;7,7
;;;0
;;;0,5
;;;0
;;;0
;;;0
;;;0
;;;0,2
;;;0
;;;0
;;;0
;;;0
;;;0
;;;0
;;;26,4
;;;0
;;;16,7
;;;0
;;;0,2
;;;0
;;;20,6
;;;0,6
;;;0
;;;0
;;;0
;;;0
;;;0
;;;0
;;;0
;;;0
;;;0
;;;0
;;;14,5
;;;0,8
;;;0
;;;0
;;;0
;;;0
;;;0
;;;0
;;;0
;;;0
;;;0
;;;0
;;;0
;;;0
;;;0
;;;0
;;;1,1
;;;0
;;;0
;;;0
;;;0
;;;0
;;;0
;;;21,6
;;;0
;;;9,7
;;;0
;;;0
;;;0
;;;1,5
;;;0
;;;11,9
;;;5,3
;;;0
;;;0,9
;;;9,6
;;;0,3
;;;0
;;;0
;;;13
;;;13
;;;1,1
;;;2,8
;;;0
;;;0
;;;0,6
;;;1,2
;;;3,2
;;;0
;;;2,6
;;;0
;;;2,5
;;;1,6
;;;0
;;;0
;;;0
;;;0
;;;0
;;;0
;;;15
;;;1,5
;;;0
;;;0,1
;;;0
;;;0
;;;0
;;;0
;;;0
;;;0
;;;0
;;;0
;;;0
;;;0
;;;0
;;;0
;;;0,5
;;;0
;;;0
;;;0
;;;0
;;;0
;;;0
;;;0
;;;0
;;;0
;;;6,5
;;;33,7
;;;0
;;;0,8
;;;0
;;;0,2
;;;0
;;;0
;;;0
;;;0
;;;0
;;;0,2
;;;0
;;;0
;;;0
;;;0
;;;0
;;;0
;;;0
;;;0
;;;0
;;;0
;;;0
;;;0
;;;0
;;;0,2
;;;0
;;;0
;;;0
;;;0
;;;0
;;;0
;;;0
;;;0
;;;0,1
;;;0,6
;;;0
;;;0,5
;;;0
;;;0
;;;1,5
;;;0,4
;;;0
;;;0
;;;0
;;;0
;;;0
;;;0
;;;0
;;;4,6
;;;0
;;;0
;;;0
;;;0
;;;0
;;;0
;;;0
;;;5
;;;0
;;;0
;;;0
;;;0
;;;0
;;;0
;;;0
;;;0
;;;0
;;;0
;;;0
;;;0
;;;0
;;;0,5
;;;10
;;;2,4
;;;0
;;;0
;;;4,4
;;;0
;;;17,8
;;;0
;;;0
;;;0
;;;0
;;;30,7
;;;16,6
;;;0,4
;;;16,9
;;;12,8
;;;1,1
;;;0
;;;0
;;;0
;;;11
;;;29,2
;;;3,5
;;;1,7
;;;14,8
;;;0
;;;0
;;;0
;;;0
;;;0
;;;1,2
;;;0
;;;0
;;;0,9
;;;0
;;;3,2
;;;2,2
;;;0
;;;0
;;;0
;;;0
;;;22,9
;;;0,3
;;;0
;;;28,2
;;;0
;;;0
;;;0
;;;0
;;;0
;;;0
;;;0
;;;0
;;;0
;;;32,7
;;;0
;;;0,3
;;;0
;;;0
;;;0
;;;0
;;;0
;;;0
;;;0
;;;1,7
;;;20,7
;;;0,3
;;;0
;;;0
;;;0
;;;2,5
;;;0
;;;0
;;;0
;;;0
;;;0
;;;0
;;;0
;;;0
;;;0
;;;0
;;;16
;;;6
;;;0
;;;0
;;;0
;;;0
;;;0
;;;0
;;;0
;;;0
;;;0
;;;5,6
;;;0
;;;2,9
;;;6,8
;;;2,6
;;;0,3
;;;0,9
;;;0
;;;0
;;;0
;;;0
;;;1
;;;2,6
;;;0
;;;5,2
;;;0
;;;0
;;;0
;;;0
;;;0
;;;0
;;;0
;;;0
;;;3,1
;;;0
;;;0
;;;2,4
;;;0
;;;0
;;;0
;;;0
;;;0
;;;0
;;;0
;;;0
;;;0
;;;0
;;;0
;;;1
;;;0
;;;12,7
;;;0
;;;9,6
;;;0
;;;0
;;;0
;;;0
;;;0
;;;1,8
;;;0
;;;0
;;;0
;;;0
;;;0
;;;0
;;;10,5
;;;0
;;;0,3
;;;0
;;;0
;;;0
;;;2,7
;;;0
;;;0
;;;3,6
;;;0
;;;0
;;;0,4
;;;1,1
;;;8,3
;;;0
;;;0
;;;12,6
;;;0
;;;2,2
;;;0,2
;;;0
;;;6,4
;;;7,1
;;;1,1
;;;0
;;;0
;;;0
;;;0
;;;0
;;;0
;;;0
;;;9,1
;;;11,9
;;;0
;;;0
;;;0
;;;0
;;;0
;;;0,1
;;;0
;;;0
;;;0,1
;;;0,2
;;;0
;;;0
;;;0
;;;0
;;;0
;;;0
;;;0
;;;0
;;;0
;;;0
;;;0
;;;0
;;;0
;;;2,7
;;;0
;;;1
;;;0
;;;0
;;;0
;;;0
;;;0
;;;0
;;;0
;;;0
;;;0,2
;;;2
;;;0
;;;0
;;;0
;;;0
;;;0
;;;0
;;;0
;;;0
;;;0
;;;0
;;;0
;;;0
;;;0
;;;1,3
;;;1,5
;;;1,1
;;;0
;;;0,3
;;;0
;;;0
;;;0
;;;0
;;;0
;;;0
;;;0
;;;0
;;;0
;;;0
;;;0
;;;0
;;;0
;;;0
;;;0
;;;0
;;;23
;;;36,6
;;;0,2
;;;0
;;;0
;;;
;;;0,2
;;;0,1
;;;2,9
;;;0
;;;0
;;;0
;;;0
;;;0
;;;0
;;;0
;;;0
;;;0
;;;0
;;;0
;;;0
;;;0
;;;0
;;;
;;;0
;;;0
;;;0
;;;0
;;;0
;;;0
;;;0
;;;0
;;;0
;;;0
;;;0
;;;3,1
;;;0
;;;0
;;;0
;;;0
;;;0
;;;0
;;;0
;;;0,2
;;;0
;;;0
;;;0
;;;0
;;;0
;;;0
;;;0
;;;0
;;;0
;;;0,7
;;;0
;;;0
;;;0
;;;0
;;;13
;;;8,3
;;;0
;;;0
;;;0
;;;0
;;;0
;;;0
;;;0
;;;0
;;;0
;;;0
;;;7,4
;;;0
;;;0,2
;;;0
;;;0
;;;9,4
;;;0
;;;0
;;;0
;;;0
;;;0
;;;0
;;;0
;;;0
;;;0
;;;24,8
;;;0,6
;;;0
;;;0
;;;0,8
;;;0,2
;;;0
;;;0
;;;0
;;;0
;;;0
;;;0
;;;0
;;;0
;;;0
;;;0
;;;0
;;;0
;;;0
;;;0
;;;0
;;;0,4
;;;5,8
;;;0,3
;;;0
;;;0
;;;0
;;;0
;;;1,2
;;;22,6
;;;0,1
;;;2,2
;;;0
;;;0
;;;0
;;;1,1
;;;0
;;;7,6
;;;0,5
;;;0
;;;0,1
;;;0
;;;0
;;;0
;;;0,4
;;;0
;;;0
;;;0
;;;0
;;;0
;;;0
;;;0
;;;0
;;;0
;;;0
;;;0
;;;25,5
;;;1,2
;;;3,4
;;;0
;;;0
;;;2,5
;;;0,8
;;;0
;;;0
;;;12,5
;;;3,8
;;;0
;;;0
;;;0
;;;0,6
;;;0
;;;1,2
;;;0
;;;10,5
;;;0
;;;0
;;;0
;;;0
;;;0
;;;0
;;;0
;;;0
;;;0
;;;7,8
;;;7,5
;;;0
;;;0
;;;0
;;;0
;;;0
;;;0
;;;0
;;;0
;;;0
;;;0
;;;0
;;;0
;;;0
;;;0
;;;0
;;;28,7
;;;7,5
;;;0
;;;16,3
;;;0
;;;17,5
;;;0
;;;0
;;;38,7
;;;9,8
;;;0
;;;0
;;;0
;;;0
;;;0
;;;0
;;;20,4
;;;0,6
;;;0
;;;0
;;;4,7
;;;0
;;;3,8
;;;15,7
;;;0
;;;5
;;;0
;;;0
;;;0
;;;0
;;;0
;;;0
;;;0
;;;0,2
;;;0,4
;;;0
;;;0
;;;0
;;;0,3
;;;0
;;;0
;;;0
;;;5
;;;0
;;;0
;;;0
;;;0
;;;0,1
;;;0
;;;0
;;;0
;;;0
;;;0
;;;0
;;;42,8
;;;0
;;;0
;;;0
;;;0
;;;0
;;;0
;;;0
;;;0
;;;24
;;;0
;;;0,7
;;;16,5
;;;0
;;;0
;;;0
;;;0
;;;0
;;;0
;;;0
;;;0
;;;0
;;;0
;;;0
;;;0
;;;23,2
;;;9,2
;;;0
;;;0
;;;0
;;;0
;;;0
;;;0,2
;;;1,6
;;;0
;;;0
;;;0
;;;3,5
;;;0
;;;0
;;;0
;;;0
;;;17,8
;;;17,2
;;;0
;;;19,8
;;;12,6
;;;3
;;;0
;;;0
;;;0
;;;0
;;;0
;;;0
;;;34,6
;;;28,8
;;;0
;;;0,2
;;;0
;;;0
;;;27,2
;;;0,5
;;;0
;;;0,2
;;;0
;;;0
;;;0
;;;0
;;;0
;;;0
;;;0
;;;0
;;;0,8
;;;0
;;;23,8
;;;0
;;;0
;;;23,4
;;;3,7
;;;0
;;;0
;;;0
;;;0
;;;0
;;;0
;;;0
;;;0
;;;3,2
;;;0
;;;1,2
;;;0,3
;;;7,8
;;;0
;;;1,4
;;;1,6
;;;0
;;;0
;;;0
;;;0
;;;0
;;;0
;;;2,8
;;;0
;;;0
;;;0
;;;0
;;;11
;;;74,6
;;;0,6
;;;0,2
;;;0
;;;0
;;;0
;;;0
;;;0,2
;;;0
;;;1
;;;0
;;;0
;;;0
;;;0
;;;1,4
;;;0,1
;;;0
;;;1,2
;;;1
;;;0
;;;0
;;;0
;;;0
;;;7,6
;;;0
;;;0
;;;0
;;;0
;;;0
;;;0
;;;0
;;;1,4
;;;0
;;;0
;;;0
;;;0
;;;0
;;;0
;;;0
;;;0
;;;0
;;;52,3
;;;30,5
;;;0
;;;0
;;;0
;;;0
;;;0
;;;0
;;;1,1
;;;0
;;;0
;;;0,8
;;;1,3
;;;0
;;;0
;;;0
;;;0
;;;0,8
;;;0
;;;0
;;;0
;;;7,3
;;;0
;;;0
;;;6,3
;;;0,8
;;;0
;;;0
;;;0,8
;;;0
;;;0
;;;0
;;;6,5
;;;3,2
;;;0
;;;0
;;;0
;;;0
;;;1,1
;;;0
;;;0,3
;;;0
;;;0
;;;0
;;;0
;;;0
;;;0
;;;0
;;;0
;;;0
;;;0
;;;0
;;;0
;;;1,3
;;;0
;;;0,2
;;;0
;;;0
;;;0
;;;0
;;;0
;;;0,8
;;;0
;;;0
;;;0
;;;2
;;;0
;;;0
;;;7,7
;;;1,3
;;;0
;;;0
;;;0
;;;1,3
;;;0
;;;0
;;;0
;;;0
;;;0
;;;0
;;;0
;;;0
;;;0
;;;0
;;;0
;;;0
;;;0
;;;0
;;;0
;;;0
;;;5,2
;;;0
;;;1
;;;0
;;;0
;;;6,5
;;;0
;;;3,3
;;;0
;;;0
;;;0
;;;0
;;;0
;;;0
;;;0
;;;0
;;;0
;;;0,8
;;;2,2
;;;0
;;;0
;;;1,3
;;;0
;;;0
;;;0
;;;0
;;;6,7
;;;0
;;;0
;;;0
;;;0
;;;9,3
;;;0
;;;0
;;;0
;;;0
;;;0
;;;16,6
;;;0
;;;0
;;;0,5
;;;0
;;;0
;;;0
;;;0
;;;5,8
;;;0
;;;11,1
;;;22,8
;;;0
;;;0
;;;10,5
;;;0
;;;20,6
;;;0
;;;0
;;;0
;;;0
;;;0
;;;0
;;;18,4
;;;0
;;;0
;;;1,1
;;;2,8
;;;29,4
;;;5,7
;;;0
;;;0
;;;0
;;;0
;;;7,5
;;;0
;;;0,2
;;;0
;;;0
;;;11,8
;;;3,1
;;;0
;;;0
;;;0
;;;0
;;;0
;;;0
;;;0
;;;56,7
;;;0
;;;22,3
;;;0
;;;0
;;;0
;;;0
;;;0
;;;0
;;;2,2
;;;0
;;;0
;;;0
;;;0
;;;3,2
;;;0,2
;;;0
;;;32,3
;;;25,6
;;;0
;;;1,6
;;;0
;;;0
;;;0
;;;0
;;;0
;;;12
;;;0
;;;0
;;;0
;;;6,3
;;;0
;;;0
;;;0
;;;0
;;;0
;;;2,5
;;;12,9
;;;0
;;;0
;;;0
;;;0
;;;0
;;;0
;;;0
;;;13,8
;;;0
;;;1,3
;;;3,3
;;;0
;;;0
;;;0
;;;0
;;;1,8
;;;0
;;;0
;;;0
;;;0
;;;0
;;;1,7
;;;0
;;;10,1
;;;0
;;;12,1
;;;0
;;;0
;;;0
;;;0
;;;0
;;;0
;;;0
;;;0,2
;;;0
;;;10,2
;;;29,7
;;;0
;;;0
;;;28
;;;0
;;;0
;;;0
;;;6,3
;;;0
;;;0,8
;;;0
;;;0
;;;0
;;;11,5
;;;0
;;;0
;;;0
;;;0
;;;0
;;;3,2
;;;4,2
;;;0
;;;0
;;;2,5
;;;0
;;;20,8
;;;0
;;;0
;;;0
;;;6,2
;;;0
;;;0
;;;11,1
;;;0
;;;0
;;;0
;;;0
;;;0
;;;0
;;;0
;;;3,4
;;;1,5
;;;0
;;;0
;;;0
;;;0
;;;0
;;;0
;;;0
;;;0
;;;0
;;;6,5
;;;1,5
;;;4,6
;;;0
;;;0
;;;0
;;;0
;;;0
;;;0
;;;0
;;;0
;;;22,8
;;;4,2
;;;0
;;;0
;;;0
;;;0
;;;0
;;;0
;;;3,9
;;;1,8
;;;0
;;;0
;;;0
;;;1,9
;;;0,4
;;;0
;;;0
;;;0
;;;0
;;;0
;;;0
;;;0
;;;0
;;;0
;;;8,5
;;;0
;;;0
;;;0
;;;0
;;;0
;;;0
;;;0
;;;0
;;;0
;;;0
;;;0
;;;0
;;;0
;;;0
;;;26,1
;;;0
;;;0
;;;0
;;;0
;;;0
;;;0
;;;0
;;;0
;;;0
;;;0
;;;2,3
;;;0
;;;0
;;;0
;;;0
;;;0,4
;;;0
;;;0
;;;0
;;;0
;;;0
;;;0
;;;0
;;;0
;;;0
;;;0
;;;0
;;;0
;;;0
;;;0
;;;0
;;;0
;;;0
;;;13,1
;;;3,8
;;;2,3
;;;0
;;;0
;;;0
;;;0
;;;0
;;;0
;;;0
;;;0,2
;;;0
;;;0
;;;0
;;;0,8
;;;0
;;;0
;;;0
;;;0
;;;1,8
;;;0
;;;0
;;;0
;;;0
;;;0
;;;0
;;;0
;;;0
;;;0
;;;1,9
;;;0
;;;0
;;;0
;;;0
;;;0
;;;0
;;;0
;;;0
;;;0
;;;0
;;;0
;;;0
;;;0
;;;0
;;;0
;;;0
;;;0
;;;0
;;;0
;;;0
;;;0
;;;0
;;;0
;;;0
;;;0
;;;0
;;;0
;;;0
;;;3
;;;0
;;;19,8
;;;0
;;;0
;;;0
;;;0
;;;30,4
;;;0,2
;;;0
;;;0
;;;1,4
;;;0
;;;0
;;;0
;;;5,4
;;;10
;;;0
;;;8,5
;;;0
;;;0
;;;0
;;;1,7
;;;0
;;;0
;;;0
;;;2,5
;;;0
;;;0
;;;0
;;;0
;;;0
;;;0
;;;0
;;;0
;;;10,8
;;;8,7
;;;0
;;;0
;;;0
;;;0
;;;0
;;;0
;;;0
;;;0
;;;0
;;;0
;;;0
;;;0
;;;0,6
;;;8,8
;;;0
;;;0
;;;0
;;;22,2
;;;3
;;;0
;;;4
;;;0
;;;0
;;;0
;;;3,7
;;;0
;;;0
;;;0
;;;0,9
;;;5,5
;;;7,7
;;;0,2
;;;1
;;;0
;;;0
;;;0
;;;0
;;;0
;;;0
;;;0
;;;0
;;;0,8
;;;2,8
;;;3,2
;;;3,2
;;;1,3
;;;0
;;;0
;;;0
;;;0
;;;0
;;;0
;;;0
;;;0
;;;0
;;;0
;;;0
;;;0
;;;0
;;;0
;;;3,2
;;;0
;;;0
;;;0
;;;0
;;;0
;;;0
;;;0
;;;16,8
;;;0
;;;4,5
;;;0
;;;1,6
;;;10,3
;;;0
;;;0
;;;4
;;;2
;;;0
;;;0
;;;0
;;;0
;;;0,2
;;;0
;;;0
;;;1,5
;;;0
;;;0
;;;0
;;;0
;;;8,5
;;;0
;;;1,2
;;;10,3
;;;0
;;;0
;;;1
;;;0
;;;0
;;;0
;;;0
;;;0
;;;13,8
;;;0
;;;0
;;;0
;;;0
;;;0
;;;24,3
;;;0
;;;0
;;;0,4
;;;4,2
;;;0
;;;0
;;;0
;;;0
;;;0
;;;0
;;;0
;;;0
;;;0
;;;0
;;;1,8
;;;0
;;;0
;;;0
;;;0
;;;0
;;;0
;;;0
;;;0
;;;0
;;;0
;;;0
;;;0
;;;0
;;;4,4
;;;58,5
;;;0
;;;12,2
;;;10,5
;;;0
;;;0
;;;1
;;;0
;;;0
;;;0
;;;0
;;;0
;;;0,7
;;;0
;;;0
;;;2
;;;0
;;;0
;;;0
;;;0
;;;0
;;;0
;;;0
;;;18,5
;;;40
;;;0
;;;0
;;;0
;;;37,5
;;;0
;;;0
;;;0
;;;0
;;;2,6
;;;0
;;;0
;;;0
;;;0
;;;12
;;;0
;;;0
;;;14
;;;32
;;;7,4
;;;0
;;;0
;;;0
;;;0,7
;;;1
;;;7,5
;;;3,9
;;;0
;;;0
;;;0
;;;0,3
;;;1,2
;;;0
;;;0
;;;0
;;;5,6
;;;3
;;;0
;;;0
;;;0
;;;0
;;;0
;;;0
;;;0
;;;0
;;;0
;;;0
;;;39,5
;;;0,3
;;;0
;;;0
;;;0
;;;0
;;;0
;;;2,8
;;;0
;;;8,8
;;;0
;;;0
;;;0
;;;0
;;;0
;;;0
;;;0
;;;0
;;;0,3
;;;0
;;;0
;;;0
;;;0
;;;3,2
;;;0
;;;0,3
;;;0
;;;0
;;;0
;;;0
;;;0
;;;0
;;;2,2
;;;0
;;;0
;;;0
;;;0
;;;0
;;;11,2
;;;11,9
;;;0
;;;0
;;;0
;;;0
;;;0,7
;;;0
;;;0
;;;0
;;;0
;;;0
;;;0
;;;0
;;;0
;;;0
;;;0
;;;0
;;;0
;;;20,6
;;;0
;;;0
;;;0
;;;0
;;;0
;;;0
;;;0
;;;0
;;;1,7
;;;2,3
;;;0,9
;;;0
;;;0
;;;0
;;;0
;;;0,2
;;;0
;;;0,6
;;;0,2
;;;0
;;;0
;;;4,3
;;;0
;;;0
;;;0
;;;0
;;;0
;;;0
;;;0
;;;0
;;;0
;;;0
;;;0
;;;0
;;;0,8
;;;0,3
;;;0
;;;0
;;;24,2
;;;32,8
;;;0
;;;0
;;;0
;;;0
;;;0
;;;0
;;;39,2
;;;0,9
;;;0
;;;9,8
;;;0
;;;18,2
;;;5,2
;;;0
;;;0
;;;0
;;;0
;;;0
;;;0
;;;0
;;;4,8
;;;8,5
;;;0
;;;10
;;;0
;;;0
;;;0
;;;2,3
;;;0
;;;0
;;;0
;;;0
;;;0
;;;0
;;;0
;;;0
;;;0
;;;0
;;;0
;;;0
;;;0
;;;8,2
;;;6,2
;;;0
;;;2,7
;;;0
;;;0
;;;0
;;;0
;;;2,4
;;;2,3
;;;2,2
;;;0
;;;0
;;;0
;;;0
;;;0
;;;0
;;;48,5
;;;0
;;;0
;;;0
;;;0
;;;0
;;;0
;;;0
;;;0
;;;0
;;;0
;;;0
;;;0
;;;0,7
;;;0
;;;0
;;;0
;;;0
;;;1,5
;;;0
;;;0
;;;0
;;;0
;;;2
;;;0
;;;0
;;;0
;;;0
;;;0
;;;6,8
;;;0
;;;0
;;;0
;;;0
;;;0
;;;0
;;;1,3
;;;0
;;;1
;;;0
;;;0
;;;24,6
;;;0
;;;0
;;;0
;;;7,5
;;;31,8
;;;3,2
;;;0
;;;0
;;;0
;;;0,3
;;;0
;;;0
;;;0
;;;0
;;;0
;;;0
;;;0
;;;0
;;;0
;;;0
;;;2
;;;8,9
;;;8,8
;;;0
;;;0
;;;0
;;;0
;;;0
;;;2
;;;29,2
;;;75,2
;;;21,5
;;;0
;;;0
;;;2,5
;;;0
;;;0
;;;0
;;;0
;;;0
;;;0
;;;0
;;;2,2
;;;3
;;;0
;;;0,2
;;;0,4
;;;0
;;;0
;;;0
;;;1,1
;;;0
;;;0
;;;0
;;;0
;;;0
;;;0
;;;0
;;;0
;;;0
;;;0
;;;0
;;;0
;;;21,4
;;;1
;;;0
;;;0
;;;0,7
;;;0
;;;0
;;;0
;;;0
;;;0
;;;0
;;;0
;;;0
;;;0
;;;0
;;;11,4
;;;0
;;;0
;;;0
;;;0
;;;0
;;;0
;;;0
;;;0
;;;0
;;;0
;;;0
;;;0
;;;0
;;;0
;;;0
;;;1,1
;;;0
;;;0
;;;0,5
;;;23,7
;;;0
;;;0
;;;0
;;;0
;;;2,5
;;;12,7
;;;0
;;;0
;;;0
;;;20
;;;5,2
;;;0
;;;0
;;;0
;;;0
;;;8,5
;;;2,9
;;;6,4
;;;0
;;;8,8
;;;1,2
;;;0
;;;0
;;;3,7
;;;0
;;;0
;;;0
;;;0
;;;0
;;;0
;;;0
;;;15,2
;;;5,5
;;;2,4
;;;0
;;;0
;;;0,7
;;;19,5
;;;0
;;;0
;;;0
;;;0
;;;0
;;;0
;;;0
;;;0
;;;0
;;;7,6
;;;0
;;;0
;;;0,9
;;;0
;;;0
;;;0
;;;0
;;;0
;;;0
;;;0
;;;0
;;;0,8
;;;0
;;;0
;;;1,8
;;;0
;;;0
;;;0
;;;0
;;;0
;;;1,3
;;;1,9
;;;0,6
;;;0
;;;0
;;;0
;;;11,5
;;;1
;;;0
;;;0
;;;0
;;;3,9
;;;0
;;;0
;;;0
;;;0
;;;0,9
;;;5
;;;5
;;;0
;;;1,3
;;;0
;;;0
;;;11,6
;;;0
;;;1,2
;;;0
;;;13,6
;;;0
;;;5,7
;;;0
;;;7
;;;0
;;;0
;;;0
;;;0
;;;0
;;;0
;;;0
;;;0
;;;0
;;;0
;;;0
;;;0
;;;0
;;;0
;;;0
;;;2,5
;;;2,2
;;;0,5
;;;0
;;;0
;;;0,2
;;;0
;;;1,8
;;;2,4
;;;0
;;;0
;;;0
;;;0
;;;0
;;;0
;;;0
;;;0
;;;0
;;;0
;;;0
;;;0
;;;0
;;;0
;;;0
;;;0
;;;0
;;;0
;;;0,5
;;;0
;;;0
;;;0
;;;10,9
;;;0
;;;0
;;;0
;;;0
;;;0
;;;5,3
;;;0
;;;0
;;;0
;;;0
;;;0
;;;0
;;;0
;;;0
;;;2,9
;;;0
;;;0
;;;1,5
;;;17
;;;0
;;;0
;;;0
;;;0
;;;3,5
;;;0
;;;0
;;;0
;;;6,3
;;;10,3
;;;5,7
;;;2,6
;;;0
;;;0
;;;0
;;;0
;;;0
;;;10,5
;;;0
;;;0
;;;0
;;;0
;;;0
;;;0
;;;0
;;;22,1
;;;6,5
;;;41,5
;;;0
;;;1,3
;;;0
;;;0
;;;0
;;;0
;;;0
;;;19
;;;0
;;;0
;;;0
;;;0
;;;7,9
;;;0
;;;0
;;;3,2
;;;5,1
;;;2,8
;;;0,9
;;;0
;;;0
;;;0
;;;0
;;;9
;;;0,8
;;;12,5
;;;7,6
;;;0
;;;4,8
;;;0
;;;0
;;;26,2
;;;0
;;;0
;;;0
;;;0
;;;0
;;;0
;;;6,3
;;;0
;;;0
;;;0
;;;0
;;;3,9
;;;0
;;;0
;;;0
;;;1,7
;;;0
;;;0
;;;0
;;;0
;;;0
;;;18,5
;;;12,7
;;;0
;;;0
;;;0,4
;;;0
;;;0
;;;1,3
;;;11
;;;0
;;;0,4
;;;0
;;;0
;;;7,5
;;;0
;;;18,6
;;;0
;;;0
;;;5,3
;;;0
;;;0
;;;0
;;;12,3
;;;0
;;;0,9
;;;0
;;;0
;;;0
;;;0
;;;4,9
;;;12,8
;;;0
;;;0
;;;0
;;;0
;;;0
;;;1,9
;;;0
;;;0,5
;;;0
;;;0
;;;0
;;;1,9
;;;0
;;;4,7
;;;2,4
;;;13,1
;;;0,5
;;;9,6
;;;9,8
;;;1,7
;;;0
;;;0
;;;0
;;;0
;;;0,3
;;;0
;;;0
;;;0
;;;0
;;;0
;;;0
;;;0
;;;0
;;;0
;;;0
;;;0
;;;0
;;;0,4
;;;
;;;0
;;;0
;;;0
;;;0
;;;0,6
;;;20,2
;;;0,5
;;;0
;;;0
;;;0
;;;0
;;;0
;;;4,3
;;;
;;;0
;;;0
;;;0
;;;0
;;;0
;;;0
;;;0
;;;0
;;;0
;;;0
;;;0
;;;0
;;;0
;;;0
;;;0
;;;0
;;;0
;;;0
;;;0
;;;0
;;;0
;;;8,5
;;;33,3
;;;5
;;;0
;;;0
;;;0
;;;0
;;;0
;;;0
;;;0
;;;0
;;;0
;;;1,3
;;;0
;;;0
;;;0
;;;0
;;;0
;;;14,1
;;;0
;;;0
;;;0
;;;0
;;;0
;;;1,1
;;;0
;;;0
;;;0
;;;0
;;;0
;;;24,3
;;;17,1
;;;0
;;;0
;;;0
;;;0
;;;4,3
;;;0
;;;0
;;;4,5
;;;0
;;;0
;;;0
;;;0
;;;0
;;;0
;;;0
;;;0
;;;0
;;;0
;;;0
;;;0
;;;0
;;;0
;;;0
;;;0
;;;0
;;;0
;;;0
;;;0
;;;0
;;;10,3
;;;24,7
;;;0
;;;0,4
;;;0
;;;0
;;;0
;;;0
;;;0
;;;0
;;;0
;;;0
;;;0
;;;0
;;;1,2
;;;0,8
;;;0
;;;0
;;;0
;;;0
;;;0
;;;0
;;;0
;;;0
;;;0
;;;0
;;;1,4
;;;0
;;;0,9
;;;0
;;;0
;;;0
;;;26,6
;;;0
;;;0
;;;0
;;;0
;;;0
;;;0
;;;0
;;;0
;;;7,5
;;;3,5
;;;0
;;;12,5
;;;19,5
;;;0,1
;;;0
;;;0
;;;0
;;;0
;;;0
;;;1,4
;;;0
;;;0
;;;0
;;;0
;;;0
;;;0
;;;0
;;;0
;;;0
;;;0
;;;1,4
;;;2,6
;;;0,8
;;;13,5
;;;0
;;;0
;;;0
;;;0
;;;0
;;;0
;;;0,5
;;;0
;;;1,4
;;;0
;;;0
;;;0
;;;0
;;;0
;;;0
;;;0
;;;0,4
;;;0
;;;0
;;;0,7
;;;9,2
;;;0
;;;0
;;;1,4
;;;0,1
;;;0,4
;;;0,5
;;;0
;;;0
;;;0
;;;4,1
;;;0
;;;0
;;;0
;;;0
;;;0
;;;0
;;;0
;;;0
;;;0
;;;0
;;;0
;;;0
;;;0
;;;0
;;;1,4
;;;
;;;0
;;;0
;;;0
;;;0
;;;0
;;;0
;;;0
;;;0
;;;0,3
;;;0
;;;0
;;;0
;;;0
;;;0
;;;0
;;;0
;;;0
;;;0
;;;0
;;;0
;;;0,3
;;;0,5
;;;0
;;;0
;;;0
;;;0
;;;0,1
;;;0
;;;0
;;;0
;;;0,5
;;;0
;;;0
;;;0
;;;0
;;;0
;;;0
;;;0
;;;0
;;;3,4
;;;7,3
;;;0
;;;0
;;;0
;;;0
;;;0
;;;0
;;;7,8
;;;0,5
;;;0
;;;0
;;;0,7
;;;0
;;;0
;;;49
;;;0
;;;0
;;;0
;;;0
;;;0
;;;0
;;;0
;;;5,2
;;;0
;;;0
;;;23,1
;;;4,1
;;;0
;;;0
;;;0
;;;0
;;;0,1
;;;29,9
;;;15,4
;;;0
;;;0
;;;0
;;;0
;;;0
;;;0
;;;0
;;;3,1
;;;0
;;;0
;;;0
;;;0
;;;0
;;;0
;;;0
;;;0
;;;7
;;;16,1
;;;0
;;;0
;;;0
;;;0
;;;0
;;;1,2
;;;0
;;;0
;;;0
;;;1,7
;;;0
;;;0
;;;0
;;;0
;;;0
;;;0
;;;0
;;;0,3
;;;0
;;;0
;;;0
;;;0
;;;0
;;;0,3
;;;10
;;;0
;;;0
;;;0
;;;0
;;;0
;;;0
;;;2,5
;;;0
;;;0
;;;0
;;;0
;;;0
;;;1,6
;;;0
;;;0,1
;;;11,6
;;;1,5
;;;0
;;;0
;;;14,2
;;;0,8
;;;0
;;;60,3
;;;0
;;;37,5
;;;34
;;;0
;;;0
;;;0
;;;0
;;;0
;;;0
;;;0
;;;2,1
;;;1,1
;;;0
;;;0
;;;0
;;;0
;;;0,1
;;;0
;;;0
;;;0
;;;0
;;;0
;;;0
;;;0
;;;0
;;;1,5
;;;1,7
;;;0
;;;2
;;;0
;;;8,3
;;;0
;;;8,9
;;;18,2
;;;0
;;;31,6
;;;0
;;;0
;;;0
;;;0
;;;0,9
;;;0
;;;0
;;;0
;;;0
;;;0
;;;0
;;;0
;;;0
;;;0
;;;0
;;;0
;;;0
;;;0
;;;0
;;;12,5
;;;0
;;;0
;;;0
;;;0
;;;0
;;;0
;;;0
;;;0
;;;0
;;;5,4
;;;0
;;;6,1
;;;5,7
;;;0,3
;;;0,5
;;;0
;;;0
;;;0
;;;0
;;;0
;;;0
;;;0
;;;0
;;;0
;;;0
;;;0
;;;0,3
;;;0
;;;0
;;;0
;;;0,6
;;;0
;;;0
;;;0
;;;0
;;;0
;;;0
;;;0
;;;0
;;;0,5
;;;0
;;;0
;;;0
;;;0
;;;14,8
;;;0,6
;;;4
;;;33,5
;;;0,7
;;;3,5
;;;0
;;;0
;;;0
;;;0
;;;0
;;;0
;;;0
;;;0
;;;0
;;;0
;;;0,5
;;;0
;;;0
;;;0
;;;0
;;;0
;;;0
;;;4,6
;;;1,2
;;;0
;;;0
;;;3,6
;;;0,3
;;;0
;;;0,3
;;;0
;;;0
;;;0
;;;0
;;;0
;;;0
;;;3,4
;;;0
;;;5,6
;;;0
;;;3,4
;;;0,9
;;;0
;;;0
;;;0
;;;0
;;;0
;;;0
;;;14,6
;;;0
;;;2,5
;;;5,1
;;;4,4
;;;0
;;;0
;;;0
;;;0,9
;;;0
;;;5,8
;;;0
;;;0
;;;0
;;;0
;;;0
;;;0
;;;0
;;;0,2
;;;0
;;;0
;;;0
;;;0
;;;0
;;;0
;;;0
;;;5,1
;;;0,2
;;;1,7
;;;12,7
;;;33,6
;;;0
;;;0
;;;0
;;;0
;;;0
;;;0
;;;0
;;;1,5
;;;72,6
;;;0,2
;;;11
;;;0
;;;0
;;;0
;;;0
;;;0
;;;0
;;;0
;;;4,1
;;;1,7
;;;0
;;;0
;;;0
;;;0
;;;0
;;;0
;;;0
;;;0
;;;0
;;;0
;;;0
;;;0,5
;;;0,2
;;;0
;;;0
;;;0
;;;0
;;;0
;;;0
;;;0
;;;0
;;;0
;;;0,5
;;;8,3
;;;1,7
;;;1,7
;;;0,5
;;;0
;;;0
;;;0
;;;0
;;;0
;;;0
;;;0
;;;0
;;;0
;;;0
;;;0
;;;9,5
;;;0
;;;0
;;;7,3
;;;0
;;;0
;;;0
;;;0
;;;0
;;;0
;;;0
;;;0
;;;0
;;;0
;;;1,5
;;;0,4
;;;0
;;;0
;;;0,4
;;;0
;;;0
;;;0
;;;0
;;;0
;;;0
;;;2,1
;;;0,1
;;;0
;;;2
;;;0
;;;0
;;;0
;;;0
;;;0
;;;0
;;;4,9
;;;0
;;;0
;;;0
;;;0
;;;0
;;;0
;;;0
;;;0
;;;0
;;;0
;;;7,5
;;;12,4
;;;0
;;;0
;;;13,5
;;;1,7
;;;0
;;;0
;;;0
;;;0,2
;;;0
;;;0
;;;0
;;;0
;;;0
;;;0
;;;0
;;;0
;;;0
;;;0
;;;6,7
;;;0
;;;0
;;;0
;;;0
;;;0
;;;54,1
;;;18,2
;;;0,2
;;;1,2
;;;0
;;;3,5
;;;0
;;;0
;;;2,3
;;;0
;;;2
;;;0
;;;0
;;;0
;;;0
;;;0
;;;0
;;;1,6
;;;0
;;;0
;;;0
;;;32,6
;;;0,5
;;;0
;;;0
;;;0
;;;0
;;;0
;;;0
;;;6,2
;;;0
;;;0
;;;2,7
;;;0
;;;0
;;;0,2
;;;0
;;;0
;;;0
;;;0
;;;12,4
;;;33,1
;;;0
;;;0,5
;;;0
;;;1,7
;;;0
;;;0
;;;6,4
;;;0
;;;0
;;;0,6
;;;0
;;;0
;;;0
;;;0,6
;;;6,5
;;;0,5
;;;28,2
;;;0
;;;0
;;;5,2
;;;1,4
;;;0,9
;;;7,8
;;;0
;;;0
;;;0
;;;0
;;;0
;;;0
;;;0
;;;0
;;;4,2
;;;0
;;;0
;;;0
;;;0
;;;0
;;;0
;;;0,6
;;;7,7
;;;0
;;;0
;;;0
;;;53,7
;;;3,2
;;;0
;;;0
;;;0
;;;2,5
;;;21,5
;;;0
;;;6,3
;;;7,9
;;;0
;;;0
;;;0,7
;;;0
;;;0
;;;0
;;;0
;;;0
;;;0
;;;0
;;;0
;;;27,1
;;;0
;;;0
;;;0
;;;0
;;;0
;;;0
;;;0
;;;0
;;;15,8
;;;9,3
;;;0,8
;;;0
;;;0
;;;0
;;;2,8
;;;0
;;;0
;;;1,7
;;;0
;;;0
;;;0
;;;0
;;;25,3
;;;0
;;;0
;;;0
;;;0
;;;0
;;;0
;;;0
;;;0
;;;0,4
;;;9,7
;;;1,5
;;;0
;;;0
;;;0
;;;0
;;;0
;;;0
;;;0
;;;18,6
;;;18,2
;;;0
;;;2,5
;;;3,7
;;;0
;;;29,6
;;;0
;;;1,7
;;;0
;;;0
;;;0
;;;0
;;;0
;;;7,6
;;;6,5
;;;10,3
;;;0
;;;0
;;;0
;;;0
;;;11,7
;;;6,4
;;;1,9
;;;0,5
;;;0
;;;2,1
;;;0
;;;0
;;;0
;;;0
;;;0
;;;0
;;;0,5
;;;2,9
;;;36,8
;;;1,2
;;;0
;;;0,5
;;;0,7
;;;0
;;;0
;;;0
;;;0
;;;0
;;;0
;;;0
;;;0
;;;7,6
;;;0,6
;;;0
;;;1,7
;;;0
;;;1,5
;;;4,1
;;;0
;;;0,7
;;;0,3
;;;0
;;;0
;;;0
;;;0
;;;0
;;;0
;;;0
;;;0
;;;0
;;;0
;;;0
;;;0
;;;12,3
;;;0
;;;0
;;;0
;;;10,5
;;;5
;;;0
;;;0
;;;0
;;;0
;;;5,3
;;;9,7
;;;0
;;;0
;;;0
;;;0
;;;0
;;;0
;;;12,3
;;;0
;;;1,1
;;;0
;;;0
;;;0
;;;0
;;;0
;;;0
;;;0
;;;6,4
;;;0
;;;4,4
;;;11,7
;;;0
;;;0
;;;0
;;;0
;;;0
;;;0
;;;0
;;;19,4
;;;3,2
;;;0
;;;0
;;;0
;;;0
;;;0
;;;0
;;;0,7
;;;7,3
;;;0
;;;1,7
;;;0
;;;0
;;;0
;;;0
;;;0
;;;0
;;;0
;;;0
;;;0
;;;0
;;;0
;;;0
;;;0
;;;0
;;;0
;;;0
;;;0
;;;0
;;;0
;;;0
;;;0
;;;0
;;;0
;;;0
;;;0
;;;0
;;;0
;;;0
;;;0
;;;0
;;;0
;;;0
;;;0
;;;0
;;;0
;;;0
;;;0
;;;0
;;;0
;;;0
;;;0
;;;0
;;;0
;;;0
;;;0
;;;9,4
;;;0,2
;;;0,7
;;;0
;;;0
;;;0
;;;0
;;;0
;;;0
;;;5,4
;;;0
;;;0
;;;0
;;;0
;;;0
;;;0
;;;0
;;;20,2
;;;0
;;;0
;;;0
;;;0
;;;0
;;;2
;;;0
;;;0
;;;0
;;;0
;;;26,8
;;;0
;;;0
;;;0
;;;0
;;;0
;;;0
;;;0
;;;0
;;;8,6
;;;0
;;;0
;;;18,2
;;;7,8
;;;6,7
;;;0
;;;6,3
;;;0
;;;5,4
;;;0
;;;0
;;;0,2
;;;4
;;;8
;;;0
;;;0
;;;0
;;;0
;;;9,1
;;;0
;;;0
;;;0
;;;0
;;;0
;;;0
;;;0,8
;;;0
;;;3,5
;;;0
;;;0
;;;0
;;;0
;;;0,3
;;;0
;;;0
;;;0
;;;0
;;;0
;;;0
;;;6,5
;;;0
;;;0
;;;0
;;;0
;;;0
;;;0
;;;0
;;;2,3
;;;0
;;;0
;;;1,3
;;;32
;;;3,1
;;;0
;;;0
;;;0
;;;0
;;;0
;;;0
;;;0
;;;0,2
;;;0,4
;;;0
;;;0
;;;0
;;;34,6
;;;0
;;;0
;;;0
;;;0
;;;0
;;;0
;;;0
;;;2,3
;;;0
;;;0
;;;0
;;;0
;;;14,5
;;;0
;;;0
;;;0
;;;12
;;;0
;;;0
;;;0
;;;0
;;;0
;;;0
;;;0
;;;0,8
;;;0
;;;0
;;;0
;;;0
;;;0,1
;;;0
;;;4,1
;;;8,6
;;;0
;;;6,7
;;;7,6
;;;0
;;;0
;;;0
;;;0
;;;0
;;;0
;;;0
;;;0
;;;0
;;;0
;;;0
;;;0
;;;214,9
;;;8,5
;;;1,9
;;;0
;;;0
;;;2,4
;;;2,6
;;;0
;;;9,2
;;;0
;;;1,6
;;;32
;;;0
;;;0
;;;0
;;;0
;;;7,5
;;;12,1
;;;3,4
;;;0
;;;0,8
;;;19,2
;;;0
;;;7,8
;;;0
;;;0
;;;0
;;;14
;;;0
;;;0
;;;0
;;;8,6
;;;0
;;;0
;;;0
;;;0
;;;0
;;;0
;;;0
;;;0
;;;0
;;;0
;;;0
;;;0
;;;0
;;;14,6
;;;1,8
;;;0
;;;0
;;;0
;;;0
;;;0
;;;0
;;;0
;;;0
;;;0
;;;0
;;;0
;;;2,7
;;;0
;;;26,8
;;;21,7
;;;5
;;;0
;;;0
;;;0
;;;0
;;;0
;;;0
;;;0
;;;0
;;;0
;;;0
;;;0
;;;0
;;;0
;;;0
;;;0
;;;0
;;;0
;;;0
;;;0
;;;0
;;;0
;;;0
;;;0
;;;0
;;;0,8
;;;0
;;;0
;;;0
;;;0
;;;0,5
;;;0
;;;0
;;;0
;;;0
;;;0
;;;0
;;;0
;;;0,1
;;;0
;;;0
;;;0
;;;0
;;;0
;;;0
;;;0
;;;1,7
;;;0
;;;0
;;;0
;;;0
;;;0
;;;0
;;;0
;;;0
;;;2,8
;;;0
;;;0
;;;0
;;;0
;;;0
;;;0
;;;0
;;;0
;;;0
;;;0,6
;;;0
;;;0
;;;0
;;;0,7
;;;0
;;;0
;;;0
;;;0
;;;0
;;;0
;;;0
;;;0
;;;0,4
;;;0,2
;;;0
;;;0
;;;0
;;;0
;;;0
;;;0
;;;0
;;;0
;;;0
;;;0
;;;0
;;;25,3
;;;7,7
;;;0
;;;0
;;;0
;;;0
;;;0
;;;0
;;;0,5
;;;0,6
;;;0
;;;6,9
;;;1,7
;;;0
;;;0
;;;0
;;;0,6
;;;0,9
;;;0,1
;;;5,8
;;;1,4
;;;0
;;;0
;;;1,5
;;;2
;;;0
;;;0
;;;0
;;;0,6
;;;0,7
;;;0
;;;0
;;;0
;;;0
;;;0
;;;0
;;;0
;;;52,1
;;;15,4
;;;0,2
;;;0
;;;0
;;;0
;;;0
;;;0
;;;0
;;;0,3
;;;0
;;;0
;;;0
;;;0
;;;0
;;;0
;;;0,9
;;;0
;;;0
;;;0
;;;0
;;;8,2
;;;0
;;;0
;;;0
;;;2,7
;;;0,3
;;;0
;;;0
;;;0
;;;0
;;;0
;;;37,2
;;;0
;;;0
;;;0
;;;0
;;;0
;;;0
;;;9,6
;;;31,4
;;;0
;;;0,4
;;;0
;;;3,8
;;;0,9
;;;0
;;;0
;;;0
;;;57,2
;;;0
;;;26,9
;;;0
;;;0
;;;0
;;;0
;;;0
;;;0
;;;0
;;;0
;;;0,7
;;;0
;;;0,4
;;;2,4
;;;0
;;;18,4
;;;0
;;;0
;;;0
;;;16,6
;;;18,6
;;;0
;;;12,4
;;;0
;;;0
;;;0
;;;3,7
;;;6,1
;;;0
;;;0
;;;0
;;;0
;;;0
;;;45,5
;;;0,6
;;;0
;;;0
;;;0
;;;0
;;;0
;;;6,4
;;;0
;;;3,4
;;;23,1
;;;0,1
;;;0
;;;0
;;;0
;;;0
;;;3,7
;;;0
;;;0
;;;12,4
;;;0
;;;0
;;;0
;;;3,7
;;;0,5
;;;21,5
;;;3,3
;;;0,5
;;;0
;;;1
;;;0
;;;0
;;;6,3
;;;15,7
;;;0,6
;;;3,2
;;;4,7
;;;0
;;;0
;;;0
;;;0,7
;;;0
;;;0
;;;0
;;;19
;;;0
;;;0
;;;0
;;;0
;;;0
;;;0
;;;0
;;;0
;;;3,3
;;;14,4
;;;1,9
;;;0
;;;0
;;;0
;;;0
;;;0,8
;;;1,6
;;;3,3
;;;43,6
;;;10,7
;;;21,5
;;;0
;;;0
;;;0
;;;0
;;;0
;;;0
;;;18,3
;;;16,5
;;;2,6
;;;0
;;;0
;;;2,7
;;;0,9
;;;0
;;;0
;;;0
;;;2,5
;;;0
;;;0
;;;0
;;;0
;;;0
;;;1,7
;;;0
;;;0
;;;2,8
;;;0
;;;0
;;;0
;;;0
;;;0
;;;5,8
;;;0
;;;28,4
;;;0
;;;0
;;;0
;;;28,2
;;;5
;;;0
;;;0
;;;0
;;;0
;;;0
;;;29
;;;0
;;;0,2
;;;0
;;;0
;;;0
;;;0
;;;0
;;;0
;;;0
;;;0,7
;;;0
;;;0
;;;0
;;;0
;;;31,5
;;;0
;;;0
;;;0
;;;0
;;;0
;;;0,6
;;;0
;;;3,2
;;;0,8
;;;1,7
;;;0
;;;0
;;;0
;;;0
;;;0
;;;0
;;;14,5
;;;7,4
;;;34,2
;;;0
;;;0
;;;0
;;;0
;;;0
;;;0
;;;0
;;;0
;;;0
;;;0
;;;0
;;;0
;;;0
;;;0
;;;0
;;;0
;;;0
;;;0
;;;0
;;;0
;;;1,8
;;;0
;;;0
;;;0
;;;0,8
;;;0
;;;0
;;;0
;;;0
;;;0
;;;0
;;;0
;;;0
;;;0
;;;2
;;;2,7
;;;0
;;;0
;;;0
;;;0
;;;0
;;;0
;;;0
;;;0
;;;0
;;;0
;;;0
;;;0
;;;0
;;;0
;;;0
;;;0
;;;0
;;;0
;;;0
;;;0
;;;0
;;;0
;;;0
;;;0
;;;0,2
;;;0
;;;0
;;;0
;;;0
;;;3,2
;;;0
;;;0
;;;0
;;;0
;;;0
;;;0
;;;2,4
;;;0
;;;5,6
;;;0
;;;0
;;;0
;;;0
;;;0
;;;2,2
;;;18,5
;;;0
;;;0
;;;0
;;;0
;;;0
;;;0
;;;0
;;;0
;;;0
;;;2,5
;;;0
;;;0
;;;1,1
;;;0
;;;1,1
;;;0
;;;0
;;;0
;;;0
;;;0
;;;0
;;;7,6
;;;1,7
;;;0
;;;0
;;;0
;;;0
;;;0
;;;0
;;;0
;;;0
;;;0
;;;0
;;;0
;;;0
;;;0,2
;;;3
;;;4,8
;;;0
;;;3
;;;0,3
;;;0,9
;;;0,1
;;;0
;;;0
;;;0
;;;0
;;;0
;;;0
;;;0
;;;0
;;;0
;;;0
;;;0
;;;0
;;;0
;;;0
;;;0
;;;0
;;;0
;;;0
;;;0
;;;0
;;;0
;;;0
;;;0
;;;0
;;;0
;;;0
;;;0
;;;0
;;;0
;;;0
;;;0
;;;0
;;;0
;;;0
;;;0
;;;0
;;;0
;;;0
;;;4,3
;;;0,4
;;;0
;;;0
;;;0
;;;0
;;;0
;;;0
;;;0
;;;0
;;;0
;;;0
;;;38,6
;;;1,5
;;;3,6
;;;41,5
;;;5,9
;;;0
;;;0
;;;1,1
;;;0
;;;0
;;;1,3
;;;0
;;;0
;;;0
;;;0
;;;0
;;;0
;;;0
;;;0
;;;7,7
;;;10,8
;;;0,2
;;;0
;;;0
;;;0
;;;0
;;;0
;;;12
;;;0
;;;0
;;;1,5
;;;2,8
;;;0,7
;;;0
;;;26,5
;;;0
;;;0
;;;0
;;;0
;;;0
;;;0
;;;0
;;;8,5
;;;0
;;;0
;;;17
;;;0
;;;0
;;;7,5
;;;0
;;;0
;;;0
;;;0
;;;21
;;;3,5
;;;0
;;;0
;;;0
;;;0
;;;5,3
;;;6,3
;;;7,2
;;;25,5
;;;0
;;;0
;;;0
;;;0
;;;0
;;;1,8
;;;0
;;;0
;;;0
;;;1,5
;;;0
;;;5,7
;;;3,6
;;;0
;;;0
;;;0
;;;0
;;;0
;;;0
;;;0
;;;0
;;;0
;;;0
;;;0
;;;0
;;;0
;;;0
;;;0
;;;0
;;;0
;;;0
;;;0
;;;20,4
;;;0
;;;0
;;;0
;;;0
;;;0
;;;0
;;;0,9
;;;0
;;;0
;;;0
;;;0
;;;4,5
;;;0
;;;0
;;;0
;;;0
;;;0
;;;0
;;;0
;;;0
;;;3,7
;;;0
;;;1,7
;;;0
;;;0
;;;0
;;;0,8
;;;0,7
;;;0
;;;0
;;;0
;;;0
;;;5,7
;;;0
;;;0
;;;0
;;;0
;;;0
;;;6
;;;3
;;;0,5
;;;0
;;;0
;;;0
;;;0
;;;0
;;;0,4
;;;0
;;;0
;;;0
;;;0
;;;1,4
;;;0
;;;0
;;;0
;;;0
;;;0
;;;4,2
;;;1,5
;;;0
;;;0
;;;0
;;;0
;;;0
;;;1,5
;;;3
;;;45,5
;;;3
;;;0
;;;0,1
;;;0
;;;0
;;;0
;;;0
;;;0
;;;15
;;;2
;;;1,9
;;;0
;;;0
;;;0
;;;0
;;;0
;;;0
;;;0
;;;0
;;;0
;;;3,1
;;;0
;;;0
;;;0
;;;0
;;;0
;;;0
;;;0
;;;0
;;;4,5
;;;0
;;;0
;;;0
;;;12,5
;;;13,3
;;;0
;;;0
;;;0,8
;;;0
;;;3
;;;1
;;;0,5
;;;0
;;;4,9
;;;0,3
;;;0
;;;0
;;;0
;;;0
;;;0
;;;0
;;;0
;;;0
;;;0
;;;0
;;;0
;;;0
;;;4,5
;;;2,5
;;;7,5
;;;0
;;;1,7
;;;1
;;;6,5
;;;8,1
;;;3
;;;0,5
;;;0
;;;0
;;;0
;;;8,5
;;;0
;;;0
;;;1
;;;2
;;;9
;;;12,5
;;;12,5
;;;0
;;;0
;;;0
;;;0
;;;0
;;;0
;;;5,5
;;;0
;;;0
;;;0
;;;0
;;;0
;;;0
;;;29,2
;;;0
;;;0
;;;0
;;;0
;;;0
;;;0
;;;0
;;;0
;;;0
;;;6,2
;;;0
;;;0
;;;0
;;;0
;;;0
;;;0
;;;0
;;;1,5
;;;0
;;;0,5
;;;0
;;;0
;;;9,1
;;;0,3
;;;0
;;;0
;;;0
;;;7,5
;;;1,5
;;;0,8
;;;0
;;;12
;;;0
;;;4
;;;3
;;;10,5
;;;4,7
;;;1,5
;;;0,4
;;;0
;;;0
;;;0
;;;0
;;;8,6
;;;0
;;;0
;;;0
;;;5,2
;;;45
;;;10
;;;9,9
;;;0
;;;0
;;;0
;;;0
;;;0
;;;0
;;;3,5
;;;0,4
;;;0
;;;0
;;;0
;;;0
;;;0,5
;;;0,4
;;;0
;;;0
;;;0
;;;0
;;;0
;;;0
;;;0
;;;0
;;;0
;;;8,3
;;;0,6
;;;0
;;;0
;;;0
;;;0
;;;0
;;;0
;;;0
;;;0
;;;0
;;;0
;;;0
;;;0
;;;0
;;;0
;;;36,5
;;;0
;;;0
;;;19,2
;;;5,5
;;;0
;;;0
;;;0
;;;0
;;;1
;;;0
;;;7,5
;;;31
;;;15
;;;0
;;;0
;;;0
;;;10,7
;;;0
;;;0
;;;1
;;;0
;;;0
;;;9,3
;;;1,3
;;;8,5
;;;0
;;;0
;;;5,5
;;;0
;;;0
;;;1,3
;;;0
;;;8,3
;;;0
;;;0
;;;0
;;;0,4
;;;0
;;;0,7
;;;25
;;;0
;;;0
;;;0
;;;1,8
;;;7,9
;;;0
;;;0
;;;0
;;;0
;;;0
;;;0
;;;0
;;;0
;;;0
;;;0,5
;;;0
;;;0
;;;0
;;;5,5
;;;0
;;;0
;;;0
;;;5,5
;;;0,7
;;;12,9
;;;6,3
;;;4,5
;;;0
;;;0
;;;0
;;;0
;;;0
;;;0
;;;0
;;;0
;;;0
;;;0
;;;2,8
;;;0
;;;0
;;;0
;;;0
;;;3,5
;;;0
;;;0
;;;0
;;;0
;;;0
;;;0
;;;0
;;;0
;;;0
;;;0
;;;0
;;;0
;;;37
;;;0
;;;0
;;;0
;;;5,2
;;;6,1
;;;1,6
;;;0
;;;0
;;;0
;;;0
;;;0
;;;0
;;;0
;;;2,7
;;;0
;;;0
;;;0
;;;0
;;;0
;;;0
;;;0
;;;0
;;;0
;;;0
;;;15,4
;;;0
;;;0
;;;0
;;;18,2
;;;0
;;;0
;;;0
;;;0
;;;0
;;;0
;;;3,7
;;;0
;;;0
;;;2,8
;;;0
;;;0
;;;0
;;;0
;;;0
;;;0
;;;0
;;;0
;;;3,1
;;;0
;;;0
;;;0
;;;0
;;;0
;;;0,7
;;;0
;;;3,5
;;;0
;;;4,1
;;;0
;;;0
;;;26,9
;;;0
;;;0
;;;0
;;;0
;;;0
;;;0
;;;0
;;;0
;;;0
;;;1,5
;;;0
;;;0
;;;0
;;;0,5
;;;2
;;;0
;;;11
;;;0
;;;0
;;;0
;;;0
;;;0
;;;0
;;;0
;;;0
;;;0
;;;0
;;;0
;;;0
;;;15
;;;0
;;;1,5
;;;1
;;;0
;;;0
;;;0
;;;0
;;;0
;;;0
;;;0
;;;0
;;;8,2
;;;2,2
;;;2,5
;;;2,3
;;;0
;;;0
;;;0
;;;0
;;;0
;;;0
;;;0
;;;0
;;;0
;;;0
;;;0
;;;0
;;;0
;;;0
;;;0
;;;0
;;;0
;;;0
;;;0
;;;0
;;;0
;;;0
;;;0
;;;0
;;;9,6
;;;167
;;;2
;;;0
;;;21,4
;;;0
;;;0
;;;0
;;;0
;;;0
;;;0
;;;0
;;;0
;;;0
;;;0
;;;2,2
;;;0
;;;0
;;;5,2
;;;10,8
;;;0
;;;0
;;;0
;;;3
;;;1
;;;0
;;;0
;;;0
;;;0
;;;0
;;;8
;;;32
;;;0
;;;0
;;;0
;;;0
;;;0
;;;0
;;;0
;;;0
;;;1
;;;0
;;;0
;;;0
;;;0
;;;9
;;;1,5
;;;0
;;;0
;;;0
;;;0
;;;0
;;;0
;;;0
;;;0
;;;15,5
;;;4,5
;;;0
;;;0
;;;0
;;;0
;;;0
;;;0
;;;0
;;;0
;;;0
;;;0
;;;0
;;;0
;;;1,3
;;;0
;;;0
;;;0
;;;0
;;;0
;;;0
;;;0
;;;2,8
;;;0,7
;;;0
;;;0
;;;1,6
;;;0
;;;0
;;;0
;;;0
;;;0
;;;0
;;;0
;;;0
;;;0
;;;0
;;;2,5
;;;2,5
;;;0
;;;0
;;;0
;;;0
;;;0
;;;0
;;;5,5
;;;0
;;;0
;;;3
;;;0
;;;0
;;;3
;;;2
;;;0
;;;0
;;;0
;;;0
;;;0
;;;0
;;;0
;;;0
;;;0
;;;0
;;;10,9
;;;0
;;;0,5
;;;3,5
;;;5,5
;;;2,6
;;;0
;;;0
;;;0
;;;0,8
;;;1
;;;0
;;;0
;;;0
;;;0
;;;0
;;;0
;;;3
;;;42,5
;;;0
;;;0
;;;2,6
;;;6
;;;0,6
;;;1
;;;0
;;;0
;;;0
;;;0
;;;0
;;;0
;;;4
;;;5,5
;;;0
;;;0
;;;0
;;;0
;;;0
;;;0
;;;3,7
;;;11
;;;0
;;;0
;;;0
;;;0
;;;0
;;;0
;;;0
;;;28,8
;;;0
;;;0
;;;5
;;;0
;;;0
;;;0
;;;0
;;;5,8
;;;0
;;;10,5
;;;0
;;;0
;;;1,3
;;;2,5
;;;0
;;;0,8
;;;0
;;;0
;;;0
;;;0
;;;0
;;;0
;;;0
;;;0
;;;7
;;;3,3
;;;0
;;;0
;;;0
;;;0
;;;0
;;;2,4
;;;0
;;;0
;;;7,8
;;;1,2
;;;0,5
;;;3,7
;;;16
;;;20,6
;;;0
;;;1,3
;;;0
;;;0
;;;0
;;;0
;;;1
;;;4,2
;;;0
;;;0
;;;0
;;;0
;;;0
;;;68,3
;;;0
;;;0
;;;0
;;;0
;;;4,5
;;;0,4
;;;0
;;;6
;;;0
;;;0
;;;0
;;;0
;;;0
;;;0
;;;0
;;;0
;;;0
;;;0
;;;0,5
;;;0
;;;0
;;;0,4
;;;0,9
;;;5,9
;;;0
;;;0
;;;0
;;;3
;;;0
;;;18,9
;;;0
;;;27,3
;;;0
;;;0
;;;0
;;;0
;;;0
;;;0
;;;0
;;;0
;;;23
;;;19
;;;3,5
;;;0
;;;0
;;;0
;;;0
;;;0
;;;0,5
;;;0
;;;5
;;;0
;;;0
;;;0,4
;;;0
;;;0
;;;0
;;;0
;;;18
;;;0,3
;;;0
;;;0
;;;0
;;;0
;;;3,9
;;;0,3
;;;0
;;;9,7
;;;0
;;;0
;;;0
;;;3,6
;;;0
;;;0
;;;0
;;;0
;;;0
;;;0
;;;0
;;;0
;;;0
;;;0
;;;0
;;;0
;;;0,3
;;;0
;;;0
;;;0
;;;0
;;;54,1
;;;0
;;;0
;;;0
;;;0
;;;0
;;;0
;;;0
;;;0
;;;0
;;;0
;;;1,4
;;;0
;;;0
;;;0,3
;;;0
;;;0
;;;107,6
;;;0
;;;0
;;;0
;;;0
;;;0
;;;0
;;;0
;;;0
;;;0
;;;0
;;;0
;;;0
;;;0
;;;0
;;;0
;;;0
;;;0,4
;;;17,7
;;;10,5
;;;17,9
;;;0
;;;0
;;;2,5
;;;0
;;;0
;;;0
;;;0
;;;0
;;;0
;;;0
;;;27
;;;24,8
;;;3,8
;;;0,8
;;;10,3
;;;70,9
;;;15,9
;;;32,9
;;;0
;;;0
;;;1,2
;;;0
;;;0
;;;0
;;;5,5
;;;0
;;;0
;;;0
;;;0
;;;8,8
;;;0
;;;36,5
;;;15,6
;;;6,2
;;;0
;;;0
;;;0
;;;0
;;;0
;;;0
;;;0
;;;0
;;;0
;;;0
;;;0
;;;1,8
;;;0,3
;;;0,3
;;;1
;;;7,1
;;;0,6
;;;0
;;;2,5
;;;0
;;;0
;;;0
;;;1
;;;5,4
;;;0
;;;0
;;;0,4
;;;0,6
;;;1,8
;;;0
;;;0
;;;0
;;;1
;;;0
;;;0
;;;0
;;;0
;;;0
;;;0
;;;3,1
;;;0
;;;1
;;;0
;;;0
;;;0
;;;0
;;;0
;;;0
;;;0
;;;0
;;;0
;;;1,7
;;;7
;;;36,5
;;;5,2
;;;0
;;;0
;;;0
;;;0
;;;1,8
;;;0
;;;0
;;;0
;;;0
;;;0
;;;0
;;;0
;;;0
;;;0
;;;0
;;;6,5
;;;0
;;;0
;;;0
;;;0
;;;0
;;;0
;;;0
;;;0
;;;0
;;;0
;;;0
;;;0
;;;0
;;;0
;;;0
;;;0
;;;0
;;;0
;;;0,6
;;;0
;;;0
;;;0
;;;0
;;;0
;;;0
;;;0
;;;0
;;;0
;;;0
;;;0
;;;0
;;;1,4
;;;0
;;;0
;;;0
;;;0
;;;15,6
;;;0
;;;0
;;;0
;;;0
;;;0
;;;0
;;;0
;;;0
;;;0
;;;0
;;;0
;;;0
;;;0
;;;0
;;;3,9
;;;0,3
;;;0
;;;0
;;;0
;;;0
;;;0
;;;0
;;;0
;;;0
;;;0
;;;0
;;;3,2
;;;0
;;;0
;;;13,7
;;;0,6
;;;0,1
;;;0
;;;0
;;;0
;;;0
;;;0
;;;0
;;;0
;;;0
;;;0
;;;0
;;;0,3
;;;2,5
;;;24,2
;;;1,7
;;;37,4
;;;0
;;;8,5
;;;10,4
;;;0
;;;1,5
;;;0
;;;0
;;;0
;;;0
;;;0
;;;0
;;;4
;;;0
;;;0
;;;0
;;;0
;;;3,6
;;;0
;;;0
;;;0
;;;27,5
;;;13,4
;;;0,2
;;;0
;;;0
;;;0
;;;0
;;;0
;;;0
;;;0
;;;0
;;;0
;;;0
;;;1,1
;;;0
;;;3,1
;;;10,4
;;;0
;;;0
;;;0
;;;0
;;;0
;;;0
;;;0
;;;0
;;;0
;;;0
;;;0
;;;0
;;;0
;;;0
;;;0
;;;0
;;;0
;;;0
;;;0
;;;2,8
;;;0
;;;0
;;;0
;;;3,7
;;;0
;;;3,9
;;;1,4
;;;0
;;;0
;;;1,7
;;;0
;;;0
;;;8,1
;;;0
;;;17
;;;0
;;;0
;;;8,8
;;;8,9
;;;0
;;;0
;;;0
;;;0
;;;1,5
;;;0
;;;0
;;;13,8
;;;0
;;;3,5
;;;0
;;;0
;;;0
;;;0
;;;0
;;;0
;;;0
;;;0
;;;0
;;;0
;;;0
;;;0
;;;0,4
;;;0
;;;7,1
;;;6,4
;;;13,2
;;;0
;;;0
;;;0
;;;0
;;;0
;;;7,2
;;;0
;;;0
;;;0
;;;0
;;;44,4
;;;0
;;;0
;;;0
;;;0
;;;0,5
;;;0
;;;0
;;;1,5
;;;0
;;;7,7
;;;0
;;;0
;;;0
;;;0
;;;0
;;;0
;;;8
;;;0
;;;0
;;;0
;;;0
;;;18,7
;;;0
;;;0
;;;14,5
;;;0
;;;0
;;;0
;;;0
;;;0
;;;0,3
;;;0
;;;3,4
;;;0
;;;3,2
;;;0
;;;1,4
;;;0
;;;0
;;;0
;;;0
;;;0
;;;6,8
;;;0
;;;0
;;;0
;;;0
;;;1,4
;;;0,6
;;;0
;;;0
;;;0
;;;0
;;;19,5
;;;0
;;;11,5
;;;0
;;;14,8
;;;0
;;;0
;;;3
;;;0
;;;0
;;;0
;;;3,9
;;;0
;;;0
;;;0
;;;0
;;;0
;;;0
;;;0
;;;0
;;;22,7
;;;2,6
;;;0
;;;0
;;;0,5
;;;7
;;;0
;;;0
;;;0
;;;0
;;;0
;;;0
;;;0
;;;0
;;;0
;;;45,8
;;;0,7
;;;0
;;;0
;;;0
;;;62,5
;;;0,2
;;;0
;;;0
;;;7,7
;;;0,3
;;;9,6
;;;0
;;;0
;;;0
;;;0
;;;0
;;;0
;;;0
;;;0
;;;0
;;;0
;;;0
;;;8
;;;11,6
;;;0
;;;1,3
;;;1,2
;;;0,8
;;;0,5
;;;0
;;;0
;;;0
;;;0
;;;0
;;;0
;;;1,3
;;;0,5
;;;2,4
;;;15,5
;;;0,6
;;;0
;;;0
;;;0
;;;0
;;;0
;;;0
;;;1,5
;;;0
;;;0
;;;0
;;;0
;;;0
;;;0,5
;;;0,8
;;;0
;;;0
;;;0
;;;0
;;;0
;;;0
;;;0
;;;0
;;;1,7
;;;0
;;;0
;;;0
;;;0
;;;0
;;;0,9
;;;0
;;;0
;;;0
;;;0
;;;0
;;;0
;;;0
;;;0
;;;0
;;;0
;;;0
;;;0
;;;0
;;;0
;;;0
;;;0
;;;0
;;;0
;;;10,2
;;;3
;;;0
;;;0
;;;0
;;;0
;;;0
;;;2,2
;;;0
;;;0
;;;0
;;;0
;;;0
;;;0
;;;0
;;;0
;;;0
;;;0
;;;0
;;;1,1
;;;0
;;;0
;;;0
;;;0
;;;0
;;;0
;;;0
;;;0
;;;0
;;;0
;;;0
;;;0
;;;0
;;;0
;;;0
;;;0,3
;;;0
;;;0
;;;0
;;;0
;;;0
;;;0
;;;0
;;;0
;;;0
;;;0
;;;0
;;;0
;;;0
;;;0
;;;0
;;;0
;;;0
;;;0
;;;2,4
;;;6,5
;;;2,2
;;;0
;;;0
;;;0
;;;0
;;;0
;;;0
;;;0
;;;3,2
;;;0,5
;;;0
;;;1,4
;;;0
;;;0
;;;0
;;;0
;;;0
;;;0
;;;0
;;;0
;;;0
;;;0
;;;1,1
;;;0
;;;0
;;;0
;;;0
;;;0
;;;0
;;;0,4
;;;0
;;;54,3
;;;1,9
;;;0
;;;0
;;;20,3
;;;0,6
;;;0
;;;0
;;;0
;;;0
;;;0
;;;0
;;;0
;;;0
;;;1
;;;0,5
;;;0
;;;0
;;;0
;;;0
;;;0
;;;0
;;;0
;;;0
;;;0
;;;0
;;;0
;;;0
;;;0
;;;0
;;;0
;;;9,8
;;;2,6
;;;0
;;;0
;;;0
;;;0,5
;;;0
;;;0
;;;0
;;;1
;;;0
;;;0
;;;1,5
;;;0,4
;;;3,8
;;;0
;;;0
;;;9,6
;;;0
;;;0
;;;24,3
;;;0
;;;0
;;;0
;;;0
;;;0
;;;0
;;;67,6
;;;0
;;;0
;;;0
;;;0,6
;;;0
;;;0
;;;0
;;;1,5
;;;2,6
;;;0
;;;0
;;;0
;;;13,4
;;;0
;;;0
;;;0
;;;1
;;;0
;;;0
;;;2,1
;;;0
;;;0
;;;0
;;;0
;;;6,4
;;;0
;;;0
;;;0
;;;0
;;;1,8
;;;0
;;;0
;;;7,6
;;;12,5
;;;0
;;;0
;;;36,5
;;;0
;;;0
;;;0
;;;0
;;;0
;;;0
;;;0
;;;0
;;;5,3
;;;0
;;;14,5
;;;2
;;;0
;;;1,4
;;;0
;;;0
;;;0
;;;0
;;;0
;;;2
;;;0
;;;0
;;;0
;;;0
;;;0
;;;0,8
;;;0
;;;0
;;;0
;;;0
;;;0
;;;0
;;;0,9
;;;0
;;;17
;;;2,2
;;;0
;;;0
;;;36,8
;;;0
;;;0
;;;5,4
;;;5,6
;;;0
;;;0
;;;0
;;;0
;;;0
;;;12,5
;;;27,8
;;;55
;;;11
;;;1,9
;;;0
;;;0
;;;0
;;;0,3
;;;4,4
;;;0
;;;15,5
;;;17,4
;;;0
;;;0
;;;0
;;;0
;;;0
;;;0
;;;0
;;;0,4
;;;23
;;;10
;;;0
;;;0
;;;0
;;;0
;;;0
;;;32,8
;;;1,9
;;;0
;;;0
;;;1,3
;;;0
;;;0
;;;8,5
;;;16,2
;;;0
;;;0
;;;0
;;;0
;;;0
;;;0
;;;0
;;;0
;;;0
;;;0
;;;2
;;;81,2
;;;0
;;;0
;;;13,6
;;;0
;;;0
;;;0
;;;0
;;;0
;;;0
;;;0
;;;0
;;;0
;;;0
;;;0
;;;0
;;;0
;;;0
;;;0
;;;0
;;;0
;;;0
;;;0
;;;9,1
;;;0
;;;0
;;;0
;;;0
;;;5,5
;;;0
;;;0,4
;;;0
;;;0,2
;;;0
;;;0,3
;;;0
;;;
;;;0
;;;4,6
;;;0
;;;0
;;;0,5
;;;1,8
;;;0
;;;0
;;;0
;;;1,2
;;;5
;;;0,3
;;;2,8
;;;0
;;;1,3
;;;0
;;;0
;;;0
;;;0
;;;2,5
;;;8
;;;2,3
;;;0
;;;0,9
;;;7,2
;;;2,4
;;;9,5
;;;1
;;;1
;;;0
;;;0
;;;6,3
;;;0
;;;0
;;;7,5
;;;0,3
;;;0
;;;0
;;;0
;;;0
;;;0
;;;0,4
;;;4
;;;0
;;;0
;;;0
;;;0
;;;0
;;;0
;;;0
;;;0
;;;1
;;;0
;;;0
;;;0
;;;0
;;;0
;;;0
;;;0
;;;0,7
;;;0
;;;15,2
;;;2,6
;;;0
;;;0
;;;0
;;;0
;;;0
;;;0
;;;0
;;;0,4
;;;0
;;;0
;;;0
;;;0
;;;0
;;;0
;;;0
;;;0
;;;0
;;;0
;;;0
;;;0
;;;0
;;;0
;;;23,5
;;;5,6
;;;4,5
;;;0
;;;0
;;;18
;;;0
;;;1,4
;;;0
;;;0
;;;0
;;;4
;;;0
;;;0
;;;0
;;;0
;;;3,8
;;;0
;;;0
;;;0
;;;0
;;;0
;;;2
;;;0
;;;1,1
;;;1,1
;;;1
;;;0
;;;0
;;;0
;;;0
;;;1,2
;;;0
;;;4,2
;;;0
;;;0
;;;0
;;;0
;;;17,9
;;;17,2
;;;0
;;;0
;;;0
;;;6,5
;;;2,3
;;;0
;;;0
;;;0
;;;4,2
;;;0
;;;0
;;;0
;;;0
;;;3,5
;;;3,6
;;;0
;;;0
;;;0
;;;0
;;;8,3
;;;1
;;;0
;;;2,8
;;;0
;;;0
;;;0
;;;0
;;;0
;;;0
;;;0
;;;2,3
;;;0
;;;0
;;;4,3
;;;0
;;;0
;;;0
;;;20,3
;;;0
;;;0
;;;0
;;;5,5
;;;0
;;;0
;;;0
;;;0
;;;1,5
;;;0
;;;8,5
;;;0
;;;0
;;;0
;;;2,5
;;;1,3
;;;0
;;;15
;;;0
;;;0
;;;0
;;;0
;;;7,5
;;;0
;;;0
;;;0,5
;;;0
;;;0
;;;0
;;;0
;;;0
;;;0
;;;12,6
;;;0
;;;22
;;;0
;;;0
;;;0
;;;17,9
;;;0
;;;0
;;;0
;;;0
;;;0
;;;11
;;;0
;;;0
;;;0
;;;0
;;;0
;;;8,1
;;;0
;;;0
;;;0
;;;0
;;;0
;;;0
;;;0
;;;0
;;;8,5
;;;15,6
;;;0
;;;0
;;;0
;;;73,1
;;;0
;;;0,7
;;;0
;;;0
;;;0
;;;0
;;;0
;;;0
;;;0
;;;0
;;;0
;;;0
;;;4,2
;;;2,4
;;;0
;;;0
;;;0
;;;0
;;;0
;;;0
;;;0
;;;0
;;;0
;;;0
;;;0
;;;0
;;;0
;;;0
;;;0
;;;0
;;;17,5
;;;0
;;;0
;;;0
;;;0
;;;0
;;;5,5
;;;31
;;;36,5
;;;0
;;;0
;;;0
;;;0
;;;0
;;;0
;;;12,3
;;;0
;;;5
;;;0
;;;0
;;;0
;;;0
;;;0
;;;0
;;;0
;;;0
;;;8
;;;16,6
;;;0,8
;;;0
;;;3,1
;;;0
;;;50,2
;;;0
;;;0
;;;0
;;;0
;;;0
;;;0
;;;0
;;;0
;;;0
;;;0
;;;0
;;;0
;;;0
;;;0
;;;14,3
;;;20
;;;4,5
;;;3,2
;;;0,5
;;;0
;;;0
;;;0
;;;0,5
;;;0
;;;0
;;;0
;;;0
;;;0
;;;0
;;;0
;;;0
;;;20,7
;;;0
;;;0
;;;0
;;;0
;;;0
;;;0
;;;0
;;;0
;;;0
;;;0
;;;0
;;;0
;;;0
;;;0
;;;0
;;;3,6
;;;0,1
;;;0
;;;0
;;;0
;;;0
;;;0
;;;0
;;;13,3
;;;0
;;;15,5
;;;3,3
;;;1,4
;;;0
;;;0
;;;1,3
;;;2,5
;;;0
;;;0
;;;0
;;;0
;;;0
;;;0
;;;0
;;;0
;;;0
;;;0,3
;;;0
;;;0
;;;0
;;;0
;;;0
;;;0
;;;1
;;;0
;;;0
;;;0
;;;0
;;;0
;;;0
;;;0
;;;0
;;;0
;;;0
;;;0
;;;0
;;;3,4
;;;0
;;;0
;;;2,6
;;;0
;;;0
;;;0
;;;0
;;;0
;;;0
;;;0
;;;0
;;;0
;;;0
;;;0
;;;0
;;;0
;;;0
;;;0
;;;0
;;;0
;;;0
;;;0
;;;0
;;;0
;;;0
;;;0
;;;0
;;;0
;;;0
;;;0
;;;0
;;;0
;;;0
;;;0
;;;0
;;;0
;;;6
;;;0
;;;0
;;;0
;;;0
;;;0
;;;0
;;;0
;;;0,2
;;;0
;;;0
;;;0
;;;0
;;;15
;;;1,9
;;;3,4
;;;0
;;;1,8
;;;25,5
;;;76,5
;;;0
;;;0
;;;0
;;;0
;;;0
;;;0
;;;0
;;;0
;;;0,5
;;;0
;;;0
;;;0
;;;0
;;;0
;;;0
;;;0
;;;0
;;;13,2
;;;0
;;;0
;;;0
;;;0
;;;0
;;;0
;;;0
;;;0
;;;12,3
;;;13,2
;;;0
;;;0
;;;0
;;;0
;;;0
;;;0
;;;0
;;;0
;;;7,4
;;;1,6
;;;0
;;;0
;;;0
;;;0
;;;0
;;;0
;;;0
;;;0
;;;3,5
;;;0
;;;0
;;;0
;;;0
;;;0
;;;14,1
;;;3
;;;0
;;;0
;;;0
;;;0
;;;12,3
;;;3,2
;;;0
;;;0
;;;0
;;;0
;;;0
;;;0
;;;0
;;;0
;;;0
;;;2,5
;;;0
;;;0
;;;0
;;;0
;;;0
;;;0
;;;0
;;;0
;;;0
;;;0,7
;;;0
;;;0
;;;0,7
;;;0
;;;0
;;;0
;;;0
;;;0
;;;0
;;;0
;;;8,5
;;;0
;;;0
;;;0
;;;2,4
;;;0
;;;5
;;;0
;;;0
;;;0
;;;0
;;;0
;;;7
;;;0,5
;;;0
;;;0
;;;0
;;;1,8
;;;0
;;;68
;;;0
;;;48,5
;;;0
;;;0
;;;0
;;;0
;;;0
;;;0
;;;0
;;;35,5
;;;0,3
;;;21,3
;;;0
;;;0
;;;0
;;;0
;;;0
;;;0
;;;0,5
;;;11,8
;;;0
;;;0
;;;0
;;;0
;;;0
;;;4,5
;;;0
;;;0
;;;2
;;;0
;;;0
;;;0
;;;0
;;;0
;;;0
;;;0
;;;0
;;;0
;;;0
;;;26,7
;;;0
;;;0
;;;0
;;;0
;;;0
;;;1,4
;;;0
;;;62,5
;;;0
;;;0
;;;0
;;;0
;;;7,6
;;;0
;;;2,6
;;;0
;;;3,5
;;;1,3
;;;0
;;;0
;;;0
;;;13,7
;;;0
;;;8
;;;0
;;;0
;;;0
;;;4
;;;0
;;;3,2
;;;0
;;;3,5
;;;0
;;;0
;;;0
;;;0
;;;0
;;;0
;;;0
;;;0
;;;7,3
;;;1,7
;;;0,5
;;;0
;;;0
;;;0
;;;0
;;;2,5
;;;8,2
;;;0
;;;0
;;;0
;;;0
;;;0
;;;0
;;;0
;;;39,7
;;;0
;;;0
;;;1
;;;2
;;;0
;;;0
;;;0
;;;0
;;;0
;;;6
;;;1,1
;;;0
;;;0
;;;0
;;;0
;;;0
;;;0
;;;0
;;;0
;;;0
;;;3,5
;;;28
;;;2,8
;;;0
;;;0
;;;0
;;;0
;;;1,9
;;;33,6
;;;5,5
;;;5,9
;;;0
;;;0
;;;0
;;;0
;;;0
;;;0
;;;0
;;;0
;;;0
;;;0
;;;3,9
;;;0
;;;0
;;;0
;;;0
;;;0
;;;0
;;;3,2
;;;0
;;;8,8
;;;4
;;;0
;;;0
;;;0
;;;0
;;;0
;;;0
;;;3,5
;;;0
;;;4
;;;0
;;;1,2
;;;0,4
;;;37
;;;78,3
;;;25,5
;;;0
;;;0
;;;0
;;;0
;;;0
;;;0
;;;0
;;;0
;;;0
;;;0
;;;0
;;;0
;;;0
;;;0
;;;0
;;;2,5
;;;0
;;;0
;;;0
;;;0
;;;0
;;;0
;;;39,5
;;;3,6
;;;0
;;;0
;;;1
;;;0
;;;0
;;;0
;;;0
;;;0
;;;0
;;;0
;;;0
;;;1,6
;;;19
;;;0,3
;;;0
;;;0,1
;;;5,3
;;;10,8
;;;34,5
;;;0,5
;;;0
;;;0
;;;0
;;;0
;;;0
;;;0
;;;6,5
;;;0
;;;1,1
;;;0
;;;6
;;;0,8
;;;0
;;;1,4
;;;0
;;;0
;;;0
;;;0
;;;0
;;;0
;;;0
;;;0
;;;0
;;;0
;;;0
;;;0
;;;0
;;;0
;;;25,7
;;;0
;;;0
;;;0
;;;0
;;;0
;;;0
;;;0
;;;0
;;;1,4
;;;0
;;;1,1
;;;0
;;;0
;;;1,8
;;;0
;;;0
;;;0
;;;0
;;;0
;;;0
;;;0
;;;0
;;;0
;;;0
;;;0
;;;3,4
;;;1,9
;;;1
;;;0
;;;0
;;;4
;;;0,3
;;;0
;;;0
;;;9,5
;;;0
;;;3,4
;;;12
;;;1,9
;;;0,1
;;;0,4
;;;1,2
;;;0
;;;0
;;;0
;;;0
;;;0
;;;0
;;;0
;;;0
;;;0
;;;13,8
;;;4,8
;;;0
;;;0
;;;0
;;;0
;;;0
;;;0
;;;0
;;;16,2
;;;11,6
;;;0
;;;0
;;;14,3
;;;38
;;;0
;;;0
;;;0
;;;1,8
;;;1,1
;;;0
;;;0
;;;0
;;;33
;;;4,5
;;;0
;;;0,4
;;;0,5
;;;0
;;;0
;;;2,6
;;;0
;;;2
;;;1,6
;;;0
;;;0
;;;0,8
;;;38,4
;;;84,5
;;;0
;;;0
;;;0
;;;0
;;;0,5
;;;13
;;;0,2
;;;0
;;;0
;;;0
;;;0
;;;5
;;;1,2
;;;0
;;;0
;;;0
;;;0
;;;0
;;;0
;;;0
;;;3,3
;;;0,4
;;;3,2
;;;0
;;;0
;;;0
;;;0
;;;5,5
;;;0
;;;5
;;;0
;;;13,6
;;;10
;;;2,8
;;;0
;;;0
;;;0
;;;0
;;;0
;;;0
;;;0
;;;0
;;;0
;;;0
;;;0
;;;2,8
;;;0,4
;;;0
;;;0
;;;1,2
;;;0
;;;0
;;;0
;;;7,3
;;;0
;;;38,2
;;;7
;;;1,9
;;;0
;;;0
;;;0
;;;0
;;;0
;;;0
;;;2
;;;0
;;;14,7
;;;0
;;;0
;;;0
;;;0
;;;27,3
;;;1,6
;;;0
;;;0
;;;1,4
;;;1,2
;;;0
;;;0
;;;0
;;;0
;;;0
;;;20,6
;;;6
;;;0,5
;;;0
;;;0
;;;0
;;;0
;;;12,6
;;;1
;;;0
;;;0
;;;0
;;;0
;;;0
;;;0
;;;5,1
;;;0
;;;0
;;;0
;;;3,3
;;;0
;;;0
;;;0
;;;0
;;;16,9
;;;0
;;;0
;;;0
;;;0
;;;0
;;;0
;;;0
;;;0
;;;0
;;;0
;;;0
;;;0
;;;0
;;;0
;;;0
;;;0
;;;0
;;;0
;;;0
;;;0
;;;0
;;;0
;;;0
;;;1,7
;;;0
;;;0
;;;0
;;;0
;;;0
;;;37
;;;0
;;;0
;;;0
;;;0
;;;0
;;;0
;;;12,9
;;;1,6
;;;11
;;;0
;;;0
;;;0
;;;0
;;;9,5
;;;3,2
;;;0
;;;4,6
;;;0
;;;25,2
;;;0
;;;0,3
;;;0
;;;0
;;;0
;;;0
;;;0
;;;0
;;;0
;;;0
;;;0
;;;0
;;;23
;;;5,1
;;;2,3
;;;7,6
;;;0
;;;0
;;;0
;;;0
;;;0
;;;0
;;;0
;;;0
;;;0
;;;0
;;;0
;;;0
;;;1
;;;0
;;;0,7
;;;0
;;;0
;;;10,4
;;;0
;;;0
;;;0
;;;0
;;;0
;;;0
;;;0
;;;0
;;;0
;;;0
;;;0
;;;0
;;;0,7
;;;1,5
;;;0
;;;0
;;;1,3
;;;2,1
;;;0,5
;;;0
;;;0
;;;0
;;;0
;;;0
;;;0
;;;0
;;;0
;;;0
;;;0
;;;0
;;;0
;;;0
;;;0
;;;0
;;;0
;;;0
;;;0
;;;1,8
;;;0
;;;0
;;;21,4
;;;10,6
;;;0
;;;0
;;;0
;;;4,6
;;;0
;;;0
;;;0
;;;0
;;;0
;;;3,1
;;;0
;;;0
;;;0
;;;0
;;;0
;;;0
;;;0
;;;0
;;;20
;;;4,2
;;;0,6
;;;0
;;;0
;;;0
;;;0,4
;;;3
;;;9,5
;;;14,3
;;;0
;;;4,2
;;;0,5
;;;0,7
;;;0
;;;0
;;;0
;;;0
;;;0
;;;0
;;;0
;;;0
;;;0
;;;0
;;;0
;;;0
;;;0
;;;0
;;;0,8
;;;0
;;;0
;;;0
;;;0
;;;0,5
;;;0
;;;0
;;;0
;;;0
;;;0
;;;0
;;;0
;;;0
;;;0
;;;0
;;;0
;;;0
;;;0
;;;0
;;;0
;;;0
;;;0
;;;0
;;;0
;;;54,8
;;;0
;;;0
;;;0
;;;16,3
;;;0
;;;0
;;;0
;;;0
;;;0
;;;0
;;;0
;;;0
;;;0
;;;14,8
;;;0
;;;0
;;;4,3
;;;7,7
;;;0
;;;0
;;;0
;;;0
;;;11,5
;;;16
;;;0
;;;3,5
;;;0
;;;1,6
;;;0
;;;0
;;;0,3
;;;0
;;;0
;;;23,8
;;;0
;;;0
;;;0,6
;;;0
;;;0
;;;12,2
;;;0
;;;0
;;;0
;;;0
;;;0
;;;0
;;;0
;;;7,9
;;;0
;;;15,8
;;;1,1
;;;0
;;;13,2
;;;0
;;;0
;;;0
;;;0
;;;0
;;;0
;;;8,5
;;;12,1
;;;0,4
;;;0
;;;0
;;;4,5
;;;2,2
;;;31
;;;69,4
;;;0
;;;0
;;;0
;;;0
;;;15
;;;0
;;;0
;;;0
;;;0
;;;0
;;;0
;;;0
;;;1,5
;;;0
;;;0
;;;0
;;;0
;;;0,8
;;;20,2
;;;0
;;;0
;;;5,4
;;;43
;;;13,7
;;;0
;;;7
;;;0
;;;0
;;;0
;;;0
;;;0
;;;4,5
;;;0
;;;0
;;;0
;;;0
;;;0
;;;0
;;;0
;;;0
;;;0
;;;3
;;;0
;;;2
;;;13
;;;0
;;;0
;;;0
;;;0,2
;;;0
;;;0
;;;0
;;;0
;;;0
;;;0
;;;0
;;;26
;;;0
;;;0
;;;0
;;;0
;;;0
;;;81,7
;;;6,5
;;;0
;;;0
;;;0
;;;0
;;;35,4
;;;0
;;;7,4
;;;12,8
;;;0
;;;0
;;;0
;;;0
;;;5
;;;0
;;;0
;;;0
;;;0
;;;0
;;;0
;;;0
;;;0
;;;0
;;;0
;;;0
;;;2,3
;;;0
;;;11,1
;;;0
;;;0
;;;0
;;;0
;;;0
;;;0
;;;0
;;;0
;;;0
;;;6,3
;;;0
;;;0
;;;0
;;;0
;;;2
;;;0
;;;0
;;;0
;;;0
;;;0
;;;0
;;;0
;;;13
;;;2,2
;;;0
;;;0
;;;19,6
;;;0
;;;0
;;;3,2
;;;9,1
;;;0
;;;0
;;;0
;;;0
;;;0
;;;2,4
;;;0
;;;0
;;;0
;;;0
;;;0
;;;18,6
;;;0
;;;0,6
;;;0
;;;0
;;;21
;;;4,2
;;;0
;;;0
;;;0
;;;0
;;;14,4
;;;0
;;;0
;;;0
;;;0,8
;;;0,8
;;;0
;;;0
;;;0
;;;0
;;;0
;;;0,4
;;;30,5
;;;23,3
;;;5,4
;;;0
;;;0
;;;0
;;;0
;;;0
;;;0
;;;0
;;;0
;;;0
;;;0
;;;2,3
;;;0
;;;0
;;;5,5
;;;5,8
;;;0
;;;0
;;;0
;;;0
;;;0
;;;1,5
;;;0
;;;6,6
;;;0
;;;1
;;;4,3
;;;0
;;;0
;;;0
;;;0,6
;;;0
;;;0
;;;0
;;;0
;;;0
;;;0,7
;;;0
;;;0
;;;0
;;;0
;;;0
;;;0
;;;0,3
;;;0
;;;0
;;;0
;;;4,2
;;;0
;;;0
;;;0
;;;0
;;;0
;;;0,8
;;;2,3
;;;6,3
;;;0
;;;0
;;;0
;;;0
;;;0
;;;0
;;;0
;;;0
;;;0
;;;0
;;;0
;;;0
;;;0
;;;0
;;;0
;;;0
;;;0
;;;0
;;;0
;;;0
;;;0
;;;0
;;;0,5
;;;0
;;;0
;;;0
;;;0
;;;0
;;;0
;;;0
;;;0
;;;0
;;;0
;;;0
;;;0
;;;0
;;;0
;;;0
;;;0
;;;0
;;;0
;;;0
;;;12,3
;;;7,6
;;;0
;;;0
;;;0
;;;0
;;;0
;;;0
;;;0
;;;0
;;;0
;;;0
;;;0
;;;0
;;;0
;;;0
;;;0
;;;0
;;;0
;;;0
;;;0
;;;0
;;;8
;;;0
;;;0
;;;0
;;;1
;;;0
;;;0
;;;0
;;;0
;;;22,5
;;;0
;;;25
;;;28
;;;1
;;;0
;;;0
;;;0
;;;0
;;;34
;;;2
;;;0
;;;0
;;;0
;;;0
;;;0
;;;0
;;;0
;;;0
;;;0
;;;0
;;;0
;;;3,5
;;;0
;;;0
;;;0
;;;0
;;;0
;;;0
;;;0,6
;;;0
;;;53
;;;0
;;;0
;;;0
;;;8,7
;;;1
;;;0
;;;0
;;;0
;;;0
;;;6,4
;;;0
;;;0
;;;0
;;;7,5
;;;0
;;;0
;;;0
;;;0
;;;0
;;;2,5
;;;14,5
;;;0
;;;0
;;;0
;;;6,9
;;;5,5
;;;2,5
;;;0
;;;0
;;;5
;;;0
;;;15,7
;;;0
;;;0
;;;0
;;;0
;;;0
;;;0
;;;0
;;;0
;;;0
;;;0
;;;0
;;;0
;;;0
;;;0
;;;45
;;;0
;;;11,6
;;;0
;;;6,5
;;;3
;;;0
;;;0
;;;37,5
;;;3
;;;48,8
;;;1
;;;0
;;;6
;;;3,5
;;;1,5
;;;0
;;;1,2
;;;0,9
;;;0
;;;0
;;;17,6
;;;0
;;;0
;;;0
;;;0
;;;0
;;;0
;;;0
;;;0
;;;0
;;;0
;;;0
;;;0
;;;0
;;;0
;;;0
;;;0
;;;0
;;;0
;;;0
;;;0
;;;0
;;;1,2
;;;0
;;;0
;;;0
;;;0
;;;0
;;;2,3
;;;0
;;;0
;;;0
;;;0
;;;0
;;;14,8
;;;0
;;;0
;;;0,7
;;;0
;;;0
;;;0
;;;5,8
;;;0
;;;0
;;;0
;;;0
;;;0
;;;2
;;;0
;;;0
;;;0
;;;0
;;;0
;;;18,5
;;;0
;;;0
;;;0
;;;0
;;;0
;;;0
;;;9
;;;0
;;;14,4
;;;0
;;;0
;;;0
;;;0
;;;0
;;;0
;;;0
;;;0
;;;0
;;;0
;;;0
;;;0
;;;0
;;;0
;;;0
;;;7,5
;;;0
;;;0,5
;;;0
;;;0
;;;0
;;;31
;;;1,5
;;;24
;;;13,1
;;;0
;;;0
;;;0
;;;8
;;;0
;;;0
;;;0
;;;0
;;;0
;;;0
;;;0
;;;0
;;;1,3
;;;0
;;;0
;;;0
;;;0
;;;0
;;;2,5
;;;7,5
;;;0
;;;0
;;;0
;;;2,6
;;;2
;;;0
;;;0
;;;0
;;;0
;;;0
;;;0
;;;0
;;;0
;;;0
;;;0
;;;0
;;;0
;;;0
;;;0
;;;0
;;;0
;;;12,4
;;;0
;;;0
;;;0
;;;0
;;;0
;;;0
;;;0
;;;0
;;;0
;;;0
;;;0
;;;0
;;;0
;;;0
;;;0
;;;9
;;;7,4
;;;19
;;;0
;;;0
;;;0
;;;12,4
;;;3
;;;0
;;;0
;;;0
;;;0
;;;0
;;;0
;;;0
;;;0
;;;0
;;;0
;;;0
;;;0
;;;1,5
;;;3,5
;;;6,5
;;;0
;;;0
;;;0
;;;0
;;;0
;;;0
;;;0
;;;0
;;;0
;;;0
;;;4
;;;0
;;;0
;;;0
;;;0
;;;0
;;;0
;;;0
;;;8
;;;2
;;;0
;;;0
;;;0
;;;0
;;;0
;;;0
;;;0
;;;0
;;;0
;;;0
;;;0
;;;0
;;;0
;;;0
;;;0
;;;25
;;;0,3
;;;0
;;;0
;;;41
;;;0
;;;0
;;;0
;;;0
;;;0
;;;0
;;;0
;;;0
;;;0
;;;0
;;;0
;;;0
;;;1
;;;0
;;;6,6
;;;0
;;;0
;;;0
;;;0
;;;4
;;;0
;;;41,5
;;;18,9
;;;0
;;;0
;;;0
;;;0
;;;0
;;;0
;;;0
;;;0
;;;5,7
;;;0,8
;;;0
;;;0
;;;0
;;;0
;;;0
;;;0
;;;0
;;;8,1
;;;0
;;;4,2
;;;3,2
;;;7
;;;1,5
;;;0
;;;0
;;;0
;;;0
;;;0
;;;0
;;;0
;;;0
;;;12
;;;2
;;;0
;;;0
;;;0
;;;0
;;;0
;;;0
;;;0,7
;;;0
;;;1,8
;;;4
;;;0
;;;27,1
;;;0
;;;0
;;;0
;;;0
;;;0
;;;0,4
;;;0
;;;0
;;;0
;;;0
;;;0
;;;0
;;;0
;;;0
;;;0
;;;0
;;;0
;;;0
;;;0
;;;7,5
;;;13
;;;0
;;;0
;;;0
;;;0,1
;;;0
;;;0
;;;3,4
;;;1
;;;0
;;;6,9
;;;0,3
;;;0,9
;;;0
;;;0
;;;0
;;;0
;;;0
;;;0
;;;1
;;;2
;;;0
;;;0
;;;6,5
;;;0
;;;0
;;;0
;;;4
;;;0
;;;0
;;;0
;;;10,5
;;;10,8
;;;0
;;;2,2
;;;0
;;;0
;;;14
;;;5,5
;;;0
;;;0
;;;0
;;;0
;;;0,4
;;;79,1
;;;0
;;;0
;;;0
;;;0
;;;0
;;;0
;;;5
;;;1
;;;0
;;;2
;;;4
;;;2,5
;;;0
;;;0
;;;0
;;;0
;;;0
;;;0
;;;0
;;;0
;;;1,5
;;;0
;;;2,7
;;;0
;;;1,6
;;;0
;;;0,5
;;;14
;;;7,3
;;;0
;;;11,8
;;;0
;;;10
;;;0
;;;0
;;;3,7
;;;2,5
;;;0
;;;0
;;;0
;;;0
;;;24
;;;0
;;;0,6
;;;0
;;;0
;;;0
;;;0
;;;0
;;;0
;;;9,5
;;;0
;;;0
;;;0
;;;0
;;;0
;;;0
;;;0
;;;0
;;;0
;;;0
;;;0,5
;;;0
;;;0
;;;0
;;;1
;;;0
;;;0
;;;26,5
;;;0,3
;;;0
;;;0
;;;0
;;;0
;;;0
;;;2
;;;0
;;;7
;;;0
;;;0
;;;0
;;;25
;;;15
;;;0
;;;0
;;;0
;;;0
;;;6,2
;;;0
;;;0
;;;0
;;;0
;;;2,8
;;;1,1
;;;0
;;;0
;;;0
;;;0
;;;0
;;;0
;;;0
;;;0
;;;0
;;;0
;;;0
;;;0
;;;0
;;;0
;;;2
;;;15,6
;;;0
;;;0
;;;0,6
;;;0
;;;0
;;;0
;;;6
;;;24
;;;17
;;;2,8
;;;20,7
;;;12
;;;0
;;;7,8
;;;0
;;;0
;;;0
;;;0
;;;0
;;;0
;;;3,6
;;;0
;;;0
;;;0
;;;0
;;;0
;;;0
;;;1,5
;;;0
;;;0
;;;0
;;;0
;;;0
;;;0
;;;0
;;;0
;;;2,5
;;;0
;;;0
;;;0
;;;0,6
;;;1,1
;;;0,1
;;;11
;;;1,5
;;;0
;;;0,3
;;;0
;;;5,7
;;;0,3
;;;0
;;;0
;;;0
;;;0
;;;2
;;;2,5
;;;0
;;;0
;;;0
;;;0
;;;0
;;;2,6
;;;2
;;;0
;;;0
;;;0
;;;0
;;;0
;;;0
;;;0
;;;0
;;;0
;;;0
;;;0
;;;0
;;;0
;;;0
;;;0
;;;0
;;;0
;;;0
;;;0
;;;0
;;;0
;;;0
;;;0
;;;0
;;;0
;;;6
;;;2,3
;;;0
;;;0
;;;0,5
;;;0
;;;0
;;;0
;;;0
;;;0
;;;0
;;;0
;;;0
;;;0
;;;0
;;;0
;;;0
;;;0
;;;0
;;;0
;;;0
;;;0
;;;0
;;;0
;;;0
;;;0
;;;0
;;;0
;;;0
;;;0
;;;0
;;;0
;;;0
;;;0
;;;0
;;;0
;;;0
;;;0
;;;0
;;;0
;;;2,5
;;;0
;;;1
;;;0
;;;0
;;;0
;;;0
;;;0
;;;0
;;;0,5
;;;0
;;;0
;;;0
;;;0
;;;0
;;;0
;;;0
;;;0
;;;0
;;;0
;;;0
;;;0
;;;0
;;;0
;;;0
;;;0
;;;0
;;;0
;;;0
;;;0
;;;2
;;;1,5
;;;0
;;;0
;;;0
;;;0
;;;0
;;;13,2
;;;6
;;;0
;;;0
;;;0
;;;1,5
;;;0
;;;0
;;;0
;;;24
;;;0
;;;0
;;;0
;;;0
;;;0
;;;0
;;;0
;;;0
;;;0
;;;0
;;;0
;;;2
;;;0
;;;0
;;;0
;;;14,3
;;;0
;;;0
;;;0
;;;0
;;;0
;;;0
;;;0
;;;0
;;;0
;;;0
;;;0
;;;0
;;;0
;;;23
;;;12,1
;;;0
;;;0
;;;0
;;;0
;;;0
;;;0
;;;0
;;;9,7
;;;0,9
;;;25
;;;0
;;;0
;;;0
;;;0
;;;0
;;;0
;;;2
;;;0
;;;0
;;;0
;;;0
;;;0
;;;0
;;;0
;;;24,6
;;;0
;;;0
;;;0
;;;0
;;;0,5
;;;7,3
;;;4,5
;;;0
;;;0
;;;0
;;;0
;;;0
;;;0
;;;0
;;;0
;;;0
;;;0
;;;0
;;;0
;;;0
;;;0
;;;0
;;;7
;;;0
;;;0
;;;0
;;;0
;;;31,5
;;;0
;;;0
;;;0
;;;10,2
;;;0,5
;;;0
;;;0
;;;0
;;;0
;;;0
;;;0
;;;0
;;;0
;;;0
;;;0
;;;0
;;;0
;;;0
;;;0
;;;0
;;;15,1
;;;0
;;;2
;;;33
;;;1,2
;;;0
;;;2,5
;;;0
;;;0,1
;;;0
;;;0
;;;15,2
;;;0
;;;0
;;;0
;;;2
;;;5,3
;;;0
;;;0
;;;0
;;;8,6
;;;0
;;;0
;;;0
;;;0
;;;0
;;;0
;;;0
;;;0
;;;0,5
;;;0
;;;0
;;;0
;;;0
;;;0
;;;0
;;;12,6
;;;0
;;;9,5
;;;0
;;;0
;;;0
;;;0
;;;0
;;;0
;;;0
;;;0
;;;0
;;;0
;;;0
;;;0
;;;0
;;;25,6
;;;0
;;;0
;;;0
;;;0
;;;3,9
;;;0
;;;0
;;;0
;;;9
;;;0
;;;0
;;;0
;;;0
;;;0
;;;16,2
;;;0,9
;;;0
;;;0
;;;0
;;;0
;;;0
;;;0
;;;7,1
;;;0,5
;;;0,7
;;;10
;;;0
;;;0
;;;0
;;;1,2
;;;0
;;;23,5
;;;6,8
;;;3,4
;;;0
;;;0
;;;1,6
;;;0
;;;0
;;;0
;;;1,9
;;;0
;;;0
;;;0
;;;0
;;;13,2
;;;0
;;;0
;;;0
;;;0
;;;0
;;;0
;;;0
;;;0
;;;0
;;;0
;;;0
;;;0
;;;0
;;;0,9
;;;0
;;;0
;;;0
;;;2,5
;;;0
;;;0
;;;0
;;;0
;;;0
;;;0
;;;0
;;;0
;;;0
;;;0
;;;0
;;;0
;;;0
;;;0
;;;0
;;;0
;;;0
;;;0
;;;0
;;;0
;;;0
;;;0
;;;0
;;;0
;;;0,2
;;;0
;;;0
;;;0
;;;0
;;;0
;;;0
;;;0
;;;0
;;;0
;;;0
;;;0
;;;0
;;;0
;;;0
;;;0
;;;38
;;;61
;;;0
;;;0
;;;0
;;;0
;;;0
;;;0
;;;0
;;;0
;;;0
;;;0
;;;0
;;;0
;;;0
;;;0
;;;0
;;;0,2
;;;0
;;;6
;;;0
;;;0
;;;0
;;;0
;;;0
;;;5,5
;;;0,8
;;;0,8
;;;0
;;;0
;;;0
;;;0
;;;0
;;;0
;;;0
;;;0
;;;0
;;;0
;;;1
;;;12,4
;;;0
;;;0
;;;0
;;;0
;;;0
;;;0
;;;0
;;;0
;;;0
;;;0
;;;0
;;;5,3
;;;6,5
;;;0
;;;0
;;;0
;;;0
;;;0
;;;0
;;;0
;;;0
;;;0
;;;0
;;;0
;;;0
;;;0
;;;0
;;;6
;;;6
;;;0,2
;;;10,6
;;;9,5
;;;2
;;;0
;;;0,5
;;;14
;;;1,9
;;;0
;;;0
;;;0
;;;0
;;;0
;;;15,3
;;;0
;;;0
;;;0
;;;0
;;;1,5
;;;0,5
;;;0
;;;0
;;;0
;;;0
;;;0
;;;0
;;;0
;;;0
;;;0
;;;0
;;;2
;;;44
;;;6
;;;3
;;;1,6
;;;0
;;;0
;;;0
;;;0
;;;0
;;;0
;;;0
;;;0
;;;0
;;;0
;;;0
;;;0
;;;0
;;;0
;;;1,8
;;;0
;;;0,5
;;;25,4
;;;8,8
;;;0
;;;0
;;;0
;;;0
;;;0
;;;0
;;;2,5
;;;22,6
;;;35,2
;;;9,3
;;;1,3
;;;0
;;;0
;;;0
;;;0
;;;0
;;;0
;;;0
;;;0,2
;;;1,5
;;;0
;;;0
;;;0
;;;3,6
;;;0
;;;0
;;;0
;;;3
;;;1,3
;;;0
;;;0
;;;0
;;;0
;;;0
;;;0
;;;0
;;;0
;;;0
;;;0
;;;0
;;;12,2
;;;3,2
;;;0
;;;0
;;;0
;;;16,3
;;;0
;;;0
;;;0
;;;1,5
;;;2
;;;0
;;;0
;;;0
;;;0,6
;;;0
;;;15,9
;;;0
;;;13
;;;0
;;;0
;;;0
;;;0
;;;0
;;;0
;;;1,6
;;;0
;;;0
;;;0
;;;0
;;;0
;;;0
;;;0
;;;4,5
;;;0
;;;0
;;;0
;;;0
;;;0,5
;;;0
;;;72,9
;;;0
;;;0,3
;;;0
;;;0
;;;10,4
;;;0
;;;0,2
;;;0
;;;0
;;;0
;;;0
;;;0
;;;69,4
;;;0
;;;1
;;;0
;;;0
;;;0
;;;0
;;;0
;;;0
;;;0
;;;0
;;;0
;;;56,8
;;;0
;;;0
;;;0
;;;0
;;;0
;;;0,5
;;;0
;;;2,5
;;;0
;;;0
;;;0
;;;0
;;;0
;;;0
;;;0
;;;12,7
;;;26,8
;;;0
;;;9,3
;;;45
;;;11
;;;0
;;;2,7
;;;0
;;;0
;;;0
;;;7,9
;;;0,3
;;;0
;;;0
;;;54,3
;;;0
;;;35
;;;0
;;;14,2
;;;2,4
;;;1
;;;0
;;;0,8
;;;2,6
;;;0
;;;0
;;;0
;;;0
;;;0
;;;0
;;;0
;;;0
;;;0
;;;5,1
;;;11,7
;;;0
;;;0
;;;0
;;;0
;;;0
;;;0
;;;0
;;;0
;;;0
;;;0
;;;0
;;;0
;;;0
;;;0
;;;0,8
;;;8,4
;;;0
;;;0
;;;0
;;;14,8
;;;3,8
;;;0,4
;;;0
;;;0
;;;0
;;;0,8
;;;0
;;;0
;;;0
;;;0
;;;0
;;;4,6
;;;0
;;;0
;;;13,2
;;;0
;;;1,8
;;;20,6
;;;0
;;;0
;;;2,8
;;;0
;;;1,5
;;;2,6
;;;0
;;;0,6
;;;0
;;;0
;;;0
;;;0
;;;0
;;;1,8
;;;0
;;;0
;;;0
;;;0
;;;0
;;;0
;;;21,7
;;;16
;;;0
;;;0
;;;0
;;;0
;;;0
;;;4,4
;;;0
;;;0
;;;0
;;;0
;;;0
;;;0
;;;0
;;;0
;;;0
;;;0,5
;;;0
;;;0
;;;0
;;;0
;;;18,3
;;;13,7
;;;0
;;;0
;;;0
;;;9,6
;;;0
;;;0
;;;1,9
;;;7
;;;0
;;;0
;;;1,6
;;;0,2
;;;0
;;;0
;;;0
;;;0
;;;0
;;;0
;;;0
;;;0
;;;9,3
;;;0
;;;0
;;;0
;;;0
;;;0
;;;0
;;;0
;;;0
;;;0
;;;0
;;;0
;;;0
;;;0
;;;0
;;;0
;;;0
;;;0
;;;0
;;;0,3
;;;0
;;;0
;;;0
;;;0
;;;0
;;;0
;;;0
;;;0
;;;0
;;;0
;;;0
;;;0
;;;0,5
;;;0
;;;0
;;;0,3
;;;0
;;;11,5
;;;3,7
;;;0
;;;0
;;;0
;;;0
;;;0
;;;0
;;;1,4
;;;0
;;;7,1
;;;7,5
;;;0
;;;0
;;;4,1
;;;0
;;;0
;;;0
;;;0
;;;0
;;;0
;;;0
;;;1,8
;;;1,5
;;;0
;;;0
;;;0
;;;0
;;;0
;;;0
;;;0
;;;0
;;;2,7
;;;0
;;;0
;;;0
;;;0,4
;;;1,3
;;;17,7
;;;0
;;;0
;;;0
;;;0
;;;0
;;;0
;;;0
;;;0
;;;0
;;;0
;;;0
;;;0
;;;0
;;;0
;;;0
;;;0
;;;0
;;;0
;;;0
;;;0
;;;0
;;;0
;;;0
;;;8,2
;;;0,2
;;;0
;;;0
;;;0
;;;0,8
;;;0
;;;0
;;;0
;;;0
;;;0
;;;0
;;;0
;;;3
;;;0
;;;2,3
;;;4,1
;;;0
;;;0
;;;0
;;;0
;;;0
;;;0
;;;0
;;;0
;;;0
;;;0
;;;64
;;;0
;;;3,2
;;;0
;;;3,6
;;;0
;;;0
;;;4
;;;17,5
;;;0
;;;0
;;;0
;;;0
;;;0
;;;0
;;;0
;;;0
;;;0
;;;0
;;;0
;;;0
;;;0
;;;0
;;;0
;;;0
;;;0
;;;16,8
;;;0
;;;0
;;;0
;;;9,3
;;;7,5
;;;1,6
;;;0
;;;0
;;;0
;;;0
;;;0
;;;0
;;;0
;;;64
;;;0,4
;;;0
;;;0
;;;0
;;;0
;;;0
;;;0
;;;0
;;;0
;;;2,1
;;;3,9
;;;0
;;;15
;;;0
;;;0
;;;0
;;;0
;;;0
;;;0
;;;0
;;;0
;;;0
;;;0
;;;0
;;;0
;;;1,9
;;;0
;;;0
;;;0
;;;0
;;;0
;;;0
;;;0
;;;0
;;;68,9
;;;0
;;;0
;;;2,3
;;;2,1
;;;0
;;;0
;;;0
;;;0
;;;0
;;;0
;;;0
;;;0
;;;0
;;;0
;;;8,3
;;;2
;;;0
;;;0
;;;0
;;;0
;;;0
;;;0
;;;0
;;;0
;;;0
;;;0
;;;0
;;;0
;;;0
;;;5,5
;;;0
;;;0
;;;0
;;;0
;;;20,3
;;;0
;;;0
;;;0
;;;0
;;;0
;;;0
;;;3
;;;0
;;;25,7
;;;7,1
;;;1,3
;;;0
;;;0
;;;20,2
;;;0
;;;0
;;;0
;;;0
;;;17,7
;;;0
;;;0
;;;0
;;;2,6
;;;1,6
;;;0
;;;0
;;;0
;;;0
;;;0
;;;0
;;;0
;;;0
;;;0
;;;0
;;;0
;;;0
;;;0
;;;6,3
;;;0
;;;0,4
;;;0
;;;0
;;;0
;;;0
;;;18,6
;;;0
;;;0,7
;;;0
;;;5
;;;0,5
;;;0
;;;0
;;;0
;;;0
;;;0
;;;0
;;;0
;;;2,6
;;;0
;;;0
;;;0
;;;0
;;;0
;;;0
;;;0
;;;0
;;;0
;;;15,7
;;;0
;;;0,2
;;;0
;;;0,2
;;;0,4
;;;0
;;;0
;;;6,4
;;;0
;;;0
;;;0
;;;0
;;;14,7
;;;0
;;;0
;;;4,9
;;;0
;;;7,6
;;;4
;;;0,8
;;;0
;;;0
;;;0
;;;0
;;;0
;;;0
;;;0
;;;0
;;;0
;;;0
;;;0
;;;25
;;;0
;;;22,6
;;;0
;;;0
;;;0
;;;0
;;;0
;;;0
;;;0
;;;0
;;;0
;;;0
;;;0
;;;0
;;;0
;;;0
;;;0
;;;1,5
;;;8,5
;;;0
;;;0
;;;0
;;;0
;;;0
;;;0
;;;0
;;;0
;;;1,8
;;;3,8
;;;1,1
;;;0,3
;;;2,5
;;;62,3
;;;3,5
;;;0
;;;0
;;;0
;;;0
;;;0
;;;0
;;;0
;;;0
;;;0
;;;0
;;;0
;;;0
;;;0
;;;14
;;;90,7
;;;14
;;;0
;;;3
;;;2,5
;;;0
;;;0
;;;0
;;;0
;;;0
;;;0
;;;0
;;;0
;;;0
;;;0,5
;;;0
;;;0
;;;0
;;;0
;;;0
;;;0
;;;1
;;;0,8
;;;2,3
;;;0
;;;0
;;;0
;;;0
;;;0
;;;0
;;;0,9
;;;0
;;;0
;;;0
;;;0
;;;0
;;;0
;;;0
;;;0
;;;0,5
;;;0
;;;0
;;;0
;;;7
;;;1,8
;;;0
;;;0
;;;0
;;;0
;;;0
;;;0
;;;0
;;;5
;;;1,3
;;;0
;;;0
;;;0
;;;0
;;;0
;;;8,5
;;;2,8
;;;0
;;;0
;;;0
;;;0
;;;0
;;;0
;;;0
;;;0
;;;0
;;;0
;;;0
;;;0
;;;0
;;;0
;;;23
;;;0
;;;0,7
;;;3,4
;;;43
;;;0
;;;0
;;;0
;;;0
;;;0
;;;0
;;;0
;;;0
;;;0
;;;1
;;;11,1
;;;0
;;;0
;;;0
;;;0
;;;0
;;;0
;;;0
;;;0
;;;0
;;;11,2
;;;0
;;;0
;;;0
;;;1,8
;;;0
;;;0
;;;6,3
;;;0
;;;0
;;;0
;;;0
;;;0
;;;0
;;;0
;;;0
;;;0
;;;0
;;;13
;;;22,3
;;;19
;;;0
;;;0
;;;0
;;;0
;;;10
;;;0
;;;0
;;;0
;;;0
;;;0
;;;0
;;;0
;;;3,8
;;;0
;;;0
;;;0
;;;0
;;;0
;;;0
;;;5,8
;;;1,5
;;;0,3
;;;0
;;;2,9
;;;0
;;;0
;;;0
;;;0
;;;0
;;;0
;;;0
;;;0,6
;;;0
;;;0
;;;0
;;;0
;;;8,5
;;;0
;;;0
;;;7
;;;0
;;;0
;;;14,8
;;;0
;;;0
;;;0
;;;0
;;;0
;;;0
;;;6
;;;0
;;;8,5
;;;0
;;;0
;;;0
;;;0
;;;0
;;;0
;;;0
;;;3,5
;;;0
;;;0
;;;0
;;;0
;;;0
;;;0
;;;13,5
;;;0
;;;0
;;;0
;;;0
;;;0
;;;0
;;;0
;;;9,5
;;;0
;;;50
;;;11
;;;0
;;;0
;;;0
;;;12,7
;;;0
;;;1,9
;;;0
;;;0
;;;0
;;;0
;;;5
;;;2,8
;;;0
;;;1,2
;;;0
;;;15,5
;;;3,7
;;;0
;;;0
;;;0
;;;0
;;;0
;;;0
;;;0
;;;0
;;;0
;;;0
;;;0
;;;16,5
;;;0,3
;;;0
;;;0
;;;6,1
;;;0
;;;0
;;;0
;;;12,7
;;;0
;;;0
;;;0
;;;1,7
;;;0,7
;;;0
;;;0
;;;0
;;;0
;;;26,4
;;;81
;;;5,8
;;;0
;;;0
;;;0
;;;0
;;;0
;;;14,8
;;;0
;;;0
;;;0
;;;0
;;;0
;;;0
;;;0
;;;0
;;;0
;;;0
;;;34,2
;;;0
;;;0
;;;0
;;;0
;;;19
;;;16
;;;1,1
;;;0
;;;0
;;;0
;;;19,4
;;;0
;;;0,6
;;;1,1
;;;0
;;;0
;;;0
;;;0
;;;15
;;;15
;;;0
;;;0
;;;0
;;;0
;;;3
;;;0
;;;0
;;;0
;;;0,5
;;;0
;;;0
;;;0
;;;3,5
;;;0
;;;0
;;;0
;;;0
;;;0
;;;0
;;;0
;;;25
;;;0
;;;1
;;;1,5
;;;0
;;;0
;;;0
;;;1,3
;;;0
;;;0
;;;0
;;;0
;;;0
;;;0
;;;0
;;;0
;;;0,3
;;;5,9
;;;0,8
;;;0
;;;4,4
;;;27
;;;71
;;;0,8
;;;1,1
;;;2,1
;;;0
;;;0
;;;0
;;;8,5
;;;1,1
;;;0
;;;0
;;;1,3
;;;0
;;;0
;;;0
;;;0
;;;0,5
;;;0
;;;0
;;;0
;;;0
;;;0
;;;0
;;;0
;;;0
;;;0
;;;0
;;;0
;;;3
;;;1
;;;0
;;;0
;;;0
;;;0
;;;0
;;;0
;;;0
;;;0,1
;;;30,3
;;;3,7
;;;3,6
;;;10,6
;;;0
;;;0
;;;0
;;;5,4
;;;3,1
;;;0,2
;;;0
;;;0
;;;0
;;;0
;;;1,5
;;;0
;;;1
;;;7,6
;;;2,4
;;;0
;;;0
;;;0
;;;0
;;;0
;;;47,5
;;;0,6
;;;0,9
;;;7,2
;;;0
;;;0
;;;1
;;;0
;;;7,9
;;;0,4
;;;1,6
;;;0
;;;0
;;;0
;;;2,5
;;;0
;;;0
;;;0
;;;0
;;;0
;;;0
;;;0
;;;0
;;;0
;;;0
;;;0
;;;0
;;;0
;;;0
;;;0
;;;0
;;;0
;;;0
;;;0
;;;0
;;;0
;;;0
;;;0
;;;0
;;;0
;;;0
;;;31,3
;;;0
;;;0
;;;0
;;;0
;;;0
;;;0
;;;29,6
;;;15,1
;;;2,3
;;;2,3
;;;0,4
;;;0,2
;;;0
;;;0
;;;0
;;;0
;;;0
;;;0
;;;0
;;;0
;;;0,7
;;;0,3
;;;0
;;;0
;;;0
;;;9,5
;;;9,6
;;;0
;;;0
;;;0
;;;0,2
;;;0
;;;0
;;;0
;;;0
;;;1,2
;;;0
;;;0
;;;0
;;;0
;;;21,1
;;;0
;;;1,3
;;;10
;;;0
;;;0
;;;7,8
;;;0
;;;0
;;;1,8
;;;0
;;;0
;;;0
;;;26,3
;;;15,1
;;;0
;;;0
;;;0,3
;;;4,9
;;;0
;;;0
;;;0
;;;10,5
;;;0
;;;0
;;;5,8
;;;0
;;;2,8
;;;0
;;;0
;;;0
;;;0
;;;0
;;;10,7
;;;0,5
;;;0
;;;0
;;;0
;;;0
;;;0,7
;;;10,4
;;;0,4
;;;0
;;;19
;;;0
;;;0
;;;0
;;;0
;;;7
;;;0
;;;0,1
;;;2,2
;;;0
;;;0
;;;0
;;;0
;;;0
;;;9,6
;;;0
;;;0
;;;0
;;;0
;;;0
;;;0
;;;0
;;;0
;;;0
;;;4,2
;;;2,3
;;;0
;;;0
;;;0
;;;0
;;;4,3
;;;0
;;;0
;;;6,7
;;;0
;;;0
;;;0
;;;0
;;;0
;;;14,9
;;;0
;;;0
;;;0
;;;0
;;;7,5
;;;18
;;;0
;;;0
;;;0
;;;0
;;;0
;;;0
;;;0
;;;0
;;;0
;;;5,5
;;;0,5
;;;0
;;;0
;;;0
;;;0
;;;0,5
;;;5,2
;;;7,8
;;;7,4
;;;0
;;;0
;;;4,8
;;;0
;;;33,4
;;;0
;;;2,5
;;;1,6
;;;0
;;;0
;;;0
;;;0
;;;0
;;;12,4
;;;0
;;;0
;;;0
;;;0
;;;0
;;;0
;;;0
;;;0
;;;0
;;;0
;;;0
;;;0
;;;0
;;;12,4
;;;0
;;;0
;;;0
;;;1,1
;;;0
;;;0
;;;0
;;;0
;;;0
;;;0
;;;0
;;;5,4
;;;0,6
;;;10,6
;;;0
;;;0
;;;0
;;;0
;;;0
;;;0
;;;0
;;;0
;;;0
;;;0
;;;0
;;;0
;;;0
;;;0,5
;;;4,3
;;;0
;;;0
;;;8,1
;;;0
;;;0
;;;0
;;;5,2
;;;0
;;;0
;;;0
;;;5,6
;;;0
;;;8
;;;0,4
;;;0
;;;0
;;;40,8
;;;78,3
;;;1,7
;;;0
;;;8,4
;;;13,4
;;;0
;;;0
;;;0
;;;0
;;;0
;;;0
;;;0
;;;66,2
;;;0
;;;0
;;;1
;;;8,6
;;;18,2
;;;1,4
;;;0,3
;;;0,7
;;;0
;;;0
;;;0,2
;;;0
;;;0
;;;0
;;;0
;;;0
;;;0,1
;;;19,3
;;;1,5
;;;12,1
;;;1,2
;;;0,5
;;;0
;;;0
;;;0
;;;0
;;;21,3
;;;0
;;;0
;;;5,6
;;;0
;;;0
;;;0
;;;0
;;;0
;;;0
;;;5,5
;;;45,4
;;;2,1
;;;17,5
;;;0
;;;0
;;;3,1
;;;0
;;;0
;;;0
;;;8,9
;;;1,9
;;;0
;;;0
;;;0
;;;0
;;;0
;;;0
;;;41,8
;;;10,3
;;;0,3
;;;0
;;;0
;;;0
;;;1,4
;;;21,8
;;;17,8
;;;0
;;;0
;;;0
;;;0
;;;0
;;;0
;;;0,3
;;;0
;;;0,4
;;;0
;;;0
;;;0
;;;5
;;;0
;;;0,5
;;;0,4
;;;0
;;;0
;;;0
;;;0
;;;0
;;;0
;;;0
;;;0
;;;0
;;;2,2
;;;1,7
;;;0
;;;0
;;;0
;;;0
;;;0
;;;0
;;;0
;;;0
;;;0
;;;0
;;;0
;;;0
;;;0
;;;0
;;;0
;;;0,6
;;;1,1
;;;0
;;;0
;;;0
;;;0
;;;0
;;;0
;;;0
;;;0
;;;0
;;;0
;;;0
;;;0
;;;0
;;;0
;;;0
;;;0
;;;0
;;;0
;;;0
;;;0
;;;0
;;;0
;;;0
;;;0
;;;0
;;;0
;;;0,3
;;;0
;;;1,6
;;;0
;;;0
;;;0
;;;0
;;;0,6
;;;0
;;;0
;;;0
;;;0
;;;0,4
;;;1,1
;;;0
;;;0
;;;0
;;;0
;;;0
;;;0
;;;0
;;;0
;;;0
;;;0
;;;0
;;;0
;;;0
;;;0
;;;0
;;;0
;;;0
;;;20,5
;;;0
;;;0
;;;0
;;;0
;;;0
;;;0
;;;0
;;;0
;;;0
;;;0
;;;0
;;;0
;;;0
;;;0
;;;0
;;;0
;;;0
;;;0
;;;0
;;;18
;;;4,3
;;;0
;;;0
;;;2,5
;;;0,7
;;;0
;;;0
;;;0
;;;0
;;;0
;;;0
;;;0
;;;1
;;;0
;;;18,7
;;;26,2
;;;0
;;;0
;;;0
;;;34,5
;;;15
;;;0
;;;0
;;;0
;;;0
;;;51,3
;;;2
;;;0
;;;0
;;;0
;;;0
;;;0
;;;0
;;;0
;;;0
;;;0
;;;0
;;;0
;;;10,8
;;;0
;;;1,6
;;;0
;;;0
;;;0,3
;;;0
;;;1
;;;0
;;;0
;;;25
;;;0
;;;0
;;;0
;;;0
;;;0
;;;0
;;;0
;;;0
;;;13,3
;;;0
;;;0
;;;0
;;;0
;;;0
;;;0
;;;0
;;;0
;;;0
;;;0
;;;0
;;;0
;;;0
;;;7,4
;;;2,9
;;;0
;;;0
;;;0
;;;12,1
;;;0
;;;0
;;;0
;;;4,4
;;;0,7
;;;0,5
;;;16,5
;;;0
;;;0
;;;0
;;;0
;;;0
;;;0
;;;0
;;;0
;;;2,4
;;;6,5
;;;2,6
;;;0
;;;0
;;;0
;;;0
;;;47
;;;2,9
;;;0
;;;0
;;;0
;;;0
;;;0
;;;0
;;;37,8
;;;0
;;;0
;;;0
;;;14,2
;;;0
;;;0
;;;0
;;;1,4
;;;0
;;;0
;;;0
;;;0
;;;4,5
;;;0
;;;30,6
;;;1,9
;;;0
;;;0
;;;0
;;;0
;;;0
;;;0
;;;0
;;;5
;;;23,9
;;;0
;;;0
;;;0
;;;0
;;;0
;;;0
;;;0
;;;0
;;;0
;;;0
;;;0
;;;0
;;;0
;;;0
;;;1
;;;61,5
;;;8,3
;;;0,3
;;;0
;;;0
;;;0
;;;0
;;;0
;;;0
;;;0
;;;19
;;;14,5
;;;0
;;;0
;;;0
;;;0
;;;0
;;;0
;;;0
;;;0
;;;0
;;;0
;;;0
;;;0
;;;0
;;;0
;;;0
;;;11,2
;;;5,5
;;;0
;;;0
;;;0
;;;0
;;;0
;;;0
;;;5,8
;;;3,1
;;;0
;;;0
;;;0
;;;0
;;;0,7
;;;0
;;;0
;;;0,4
;;;0
;;;0
;;;0,4
;;;0
;;;0
;;;0
;;;0
;;;0
;;;3,4
;;;83,1
;;;0
;;;0
;;;0
;;;0
;;;0
;;;0
;;;0
;;;0
;;;0
;;;0
;;;0
;;;0
;;;0
;;;0
;;;0
;;;1,5
;;;0,6
;;;0
;;;0
;;;0
;;;0
;;;0
;;;0
;;;0
;;;0
;;;0
;;;0
;;;0
;;;0
;;;0,4
;;;0
;;;0
;;;0
;;;0
;;;0
;;;0
;;;0
;;;0,3
;;;0
;;;0
;;;0
;;;1,1
;;;0
;;;4,7
;;;1,2
;;;0
;;;0,3
;;;12
;;;29,9
;;;0
;;;0
;;;0
;;;0
;;;0
;;;0
;;;0
;;;0
;;;0
;;;0
;;;0
;;;2
;;;15,5
;;;0,6
;;;0
;;;0
;;;0
;;;0
;;;0
;;;0
;;;0
;;;0
;;;0
;;;0
;;;0,5
;;;9,6
;;;0
;;;0
;;;1,5
;;;0
;;;0
;;;0
;;;0
;;;0
;;;0
;;;22,5
;;;6,3
;;;3,6
;;;5,6
;;;0
;;;0
;;;0
;;;0
;;;3,4
;;;23,2
;;;0
;;;0
;;;0
;;;0
;;;0
;;;0,5
;;;0,4
;;;0
;;;0
;;;0
;;;0
;;;0
;;;0
;;;0
;;;0
;;;0
;;;0
;;;0
;;;0
;;;0
;;;0
;;;0
;;;0
;;;2,5
;;;0
;;;0
;;;0
;;;0
;;;0
;;;0
;;;0
;;;0
;;;0
;;;0
;;;0
;;;0
;;;0
;;;0
;;;0
;;;0
;;;0
;;;2,3
;;;0
;;;0
;;;0,5
;;;7,3
;;;0
;;;0
;;;0
;;;0
;;;0
;;;0
;;;0
;;;0
;;;0
;;;0
;;;0
;;;0
;;;0,2
;;;7
;;;8,4
;;;0,6
;;;0
;;;8,8
;;;6,9
;;;0
;;;0
;;;2
;;;0
;;;0
;;;16
;;;0
;;;0
;;;0
;;;0
;;;0
;;;0
;;;0,8
;;;0
;;;0
;;;0
;;;0
;;;0
;;;0
;;;0
;;;0
;;;9,8
;;;2,1
;;;0
;;;0
;;;0
;;;0
;;;0
;;;0
;;;0
;;;0
;;;0,6
;;;44,8
;;;0
;;;0
;;;0
;;;0
;;;0
;;;0,3
;;;0
;;;0
;;;0
;;;0
;;;0
;;;0
;;;9,9
;;;2
;;;0
;;;0
;;;0
;;;14,4
;;;18,8
;;;0
;;;4,6
;;;0
;;;3,1
;;;4
;;;0
;;;24,4
;;;15,3
;;;0
;;;
;;;1,5
;;;8,5
;;;14
;;;0
;;;0,5
;;;0
;;;0
;;;2,1
;;;0
;;;0
;;;0
;;;6,4
;;;3,5
;;;0
;;;0
;;;0
;;;0
;;;19,8
;;;0
;;;0
;;;3,4
;;;27,6
;;;0
;;;0
;;;0
;;;0
;;;0
;;;2,5
;;;4,4
;;;0
;;;0
;;;0
;;;22
;;;0
;;;0
;;;0
;;;0
;;;0
;;;0
;;;4,3
;;;0
;;;0
;;;0
;;;0,3
;;;1,5
;;;0
;;;0
;;;0
;;;19,7
;;;0
;;;0
;;;4,3
;;;0
;;;0
;;;0
;;;0
;;;0
;;;0,8
;;;2,3
;;;1,6
;;;0
;;;0
;;;0
;;;0
;;;22,8
;;;0
;;;0
;;;0
;;;0
;;;0
;;;0
;;;0,7
;;;0
;;;0
;;;2,5
;;;0
;;;0
;;;0
;;;0
;;;0
;;;0
;;;0
;;;44,7
;;;0
;;;0
;;;0
;;;0
;;;0
;;;0
;;;0
;;;7,6
;;;13,8
;;;3,7
;;;0
;;;0
;;;0
;;;0
;;;0
;;;0
;;;0
;;;1,3
;;;0
;;;0
;;;0
;;;0
;;;0
;;;22,4
;;;0,6
;;;0
;;;0
;;;0
;;;1,5
;;;1,5
;;;0
;;;64,5
;;;0
;;;24,7
;;;5,3
;;;0
;;;0
;;;0
;;;0
;;;0
;;;0
;;;0
;;;0
;;;5
;;;1,3
;;;0
;;;0
;;;0
;;;0
;;;0,5
;;;0
;;;1,6
;;;4
;;;0
;;;0,7
;;;0
;;;0
;;;0
;;;0,7
;;;0
;;;0
;;;0
;;;0
;;;0
;;;0,7
;;;0
;;;0
;;;0
;;;0,4
;;;0
;;;1,3
;;;0
;;;0
;;;0
;;;0
;;;0
;;;0
;;;0
;;;0
;;;0
;;;0
;;;0
;;;0,6
;;;0
;;;0
;;;0
;;;0
;;;0
;;;0
;;;0
;;;0
;;;0
;;;0
;;;0
;;;0
;;;0
;;;0
;;;0
;;;0
;;;0
;;;0
;;;0
;;;0
;;;0
;;;0
;;;0
;;;0
;;;0
;;;0
;;;0
;;;5,6
;;;0
;;;1,5
;;;0
;;;0
;;;0
;;;0
;;;0
;;;0
;;;0
;;;0
;;;0
;;;0
;;;0
;;;0
;;;0
;;;0
;;;0
;;;0
;;;0
;;;0
;;;0
;;;0
;;;0
;;;0
;;;0,9
;;;0
;;;0
;;;0
;;;0
;;;0
;;;0
;;;0
;;;0
;;;0
;;;0
;;;0
;;;0
;;;0
;;;0
;;;0
;;;0
;;;0
;;;0
;;;0
;;;0
;;;0
;;;0
;;;0
;;;0
;;;6,1
;;;5
;;;2,7
;;;0
;;;0
;;;0
;;;0
;;;0
;;;0
;;;5,8
;;;0
;;;0
;;;10
;;;1,2
;;;0,6
;;;0,4
;;;0
;;;0
;;;0
;;;0
;;;0
;;;0
;;;0
;;;0
;;;0
;;;0
;;;0
;;;0
;;;0
;;;0
;;;0
;;;0
;;;0
;;;0
;;;0,7
;;;9,1
;;;1,1
;;;0
;;;0
;;;0
;;;0
;;;4,6
;;;12,9
;;;0
;;;0
;;;0
;;;0,5
;;;0
;;;0
;;;0
;;;21,9
;;;0
;;;0
;;;1,7
;;;0
;;;3,8
;;;0,5
;;;1,7
;;;0
;;;17,3
;;;0,7
;;;0
;;;0
;;;0
;;;0
;;;0
;;;5,7
;;;0
;;;0
;;;0
;;;2,5
;;;0
;;;0
;;;0
;;;0
;;;0
;;;0
;;;0
;;;0
;;;0
;;;8,9
;;;15,2
;;;31,2
;;;38,1
;;;0
;;;0
;;;0
;;;0
;;;7,6
;;;0
;;;0
;;;0
;;;0
;;;1,5
;;;0,8
;;;0
;;;0
;;;0
;;;0
;;;0
;;;0
;;;0
;;;0,3
;;;9,7
;;;3,3
;;;0
;;;0
;;;0
;;;2,7
;;;0
;;;0
;;;11,7
;;;0
;;;0
;;;5,3
;;;0
;;;0
;;;0
;;;0
;;;0
;;;0
;;;0
;;;4,8
;;;0
;;;0
;;;0
;;;0
;;;3,7
;;;36
;;;1,4
;;;0
;;;0
;;;0
;;;0
;;;0
;;;0
;;;0
;;;0
;;;0
;;;0
;;;0
;;;0
;;;31,7
;;;0
;;;0
;;;0
;;;6,1
;;;0
;;;0
;;;0
;;;0
;;;0
;;;0
;;;0
;;;1,3
;;;0
;;;0
;;;0
;;;0
;;;0
;;;0
;;;0
;;;0
;;;14,6
;;;0
;;;0
;;;0
;;;0
;;;0,2
;;;0,8
;;;0
;;;0
;;;4
;;;0
;;;0,3
;;;0
;;;0
;;;0
;;;0
;;;13,4
;;;13,7
;;;0
;;;0
;;;0
;;;0
;;;0
;;;0
;;;0
;;;6
;;;18,8
;;;0
;;;5,1
;;;39
;;;0
;;;0
;;;0
;;;0
;;;14,7
;;;0
;;;0
;;;0
;;;0
;;;0
;;;0,4
;;;0
;;;0
;;;0
;;;0
;;;0
;;;14,3
;;;9,3
;;;0,4
;;;4,8
;;;0
;;;15
;;;0
;;;0
;;;19,3
;;;0
;;;12,1
;;;7
;;;0
;;;0
;;;0
;;;0
;;;0
;;;0
;;;5,1
;;;0
;;;0
;;;0
;;;45,6
;;;0
;;;0
;;;0
;;;24,5
;;;2
;;;0
;;;0
;;;0
;;;0
;;;0
;;;0
;;;0
;;;1,6
;;;6,2
;;;7,1
;;;0
;;;0
;;;0
;;;4
;;;1,7
;;;4,8
;;;0,5
;;;0
;;;0
;;;0
;;;0
;;;0
;;;0,9
;;;0
;;;25,8
;;;1,2
;;;5,4
;;;0
;;;0
;;;0
;;;0
;;;0
;;;0
;;;0
;;;0
;;;0
;;;1,6
;;;0
;;;0
;;;17,4
;;;0
;;;5
;;;0
;;;0
;;;0
;;;0
;;;0
;;;1
;;;0
;;;0
;;;0
;;;0
;;;0
;;;0
;;;0
;;;0
;;;0
;;;0
;;;0
;;;0
;;;0
;;;0
;;;0
;;;0
;;;0
;;;0
;;;0
;;;1,1
;;;0,9
;;;0
;;;0
;;;0
;;;0
;;;0
;;;0
;;;0
;;;0
;;;0
;;;0
;;;1,5
;;;2,4
;;;2,5
;;;0
;;;0
;;;0
;;;0
;;;1,5
;;;0,7
;;;0
;;;0
;;;0
;;;0
;;;0
;;;1,7
;;;0,4
;;;0
;;;0
;;;1,5
;;;0
;;;0
;;;0
;;;0
;;;0
;;;0
;;;0
;;;0
;;;0
;;;0
;;;0,9
;;;0
;;;0
;;;0
;;;0
;;;0
;;;0
;;;0
;;;0
;;;13
;;;0
;;;9,7
;;;23,6
;;;0,6
;;;0
;;;1,7
;;;0
;;;0
;;;0
;;;1,9
;;;0
;;;0,4
;;;0
;;;0
;;;0
;;;0
;;;7,7
;;;0
;;;0
;;;0
;;;1,2
;;;0
;;;0
;;;0
;;;0
;;;0
;;;0
;;;0
;;;0
;;;0
;;;0
;;;0
;;;3,4
;;;2,4
;;;0
;;;1,4
;;;2,1
;;;0
;;;0
;;;0
;;;0
;;;0
;;;0
;;;0
;;;0
;;;0
;;;6,4
;;;0
;;;0,3
;;;0
;;;0
;;;0
;;;0
;;;0
;;;0
;;;0
;;;0
;;;0
;;;0
;;;0
;;;0
;;;1,3
;;;50,4
;;;0
;;;0
;;;0
;;;0
;;;0
;;;6,7
;;;0,5
;;;0
;;;0
;;;0
;;;4,7
;;;0
;;;0
;;;0,7
;;;0
;;;0
;;;0
;;;0
;;;0,4
;;;1,8
;;;2,8
;;;0
;;;0
;;;12
;;;0,8
;;;0
;;;1,8
;;;0
;;;0
;;;0
;;;0
;;;4,5
;;;4,1
;;;0
;;;0,5
;;;4,3
;;;0
;;;0
;;;12
;;;0
;;;0
;;;20,9
;;;0
;;;0,5
;;;0
;;;0
;;;0
;;;0
;;;3,2
;;;0
;;;0
;;;0
;;;0
;;;0
;;;18,7
;;;0
;;;0
;;;0
;;;0
;;;3
;;;0
;;;0
;;;25,1
;;;4,8
;;;0,5
;;;87,8
;;;34,6
;;;4
;;;0
;;;0
;;;0,6
;;;0
;;;0
;;;6,4
;;;5,4
;;;0
;;;0
;;;0
;;;0
;;;0
;;;0
;;;0
;;;4,1
;;;42,6
;;;0,5
;;;0
;;;0
;;;0
;;;0
;;;0
;;;0
;;;0
;;;0
;;;0
;;;0
;;;0
;;;0
;;;0,9
;;;1,7
;;;1,9
;;;0
;;;0
;;;0
;;;24
;;;27,5
;;;0
;;;9,5
;;;0
;;;0
;;;0
;;;2,9
;;;0
;;;0
;;;0
;;;0
;;;11
;;;3,4
;;;0
;;;0
;;;31,7
;;;0
;;;3,1
;;;0
;;;0
;;;0
;;;0
;;;34,8
;;;15
;;;0
;;;0
;;;0
;;;0
;;;82,2
;;;0
;;;0
;;;0
;;;9
;;;4,5
;;;0
;;;0
;;;0
;;;0
;;;3,7
;;;13,7
;;;0
;;;0
;;;0
;;;0
;;;0
;;;0
;;;0
;;;0
;;;0
;;;4,3
;;;0
;;;0,3
;;;12,1
;;;4,1
;;;0
;;;0
;;;0
;;;0
;;;6,1
;;;1,6
;;;1,7
;;;6,5
;;;0
;;;0
;;;13
;;;1
;;;0
;;;0
;;;0
;;;0
;;;0
;;;0
;;;0
;;;0
;;;0
;;;0
;;;9,7
;;;2,6
;;;0
;;;0
;;;0
;;;0
;;;4,2
;;;0
;;;0
;;;0
;;;0
;;;12,2
;;;0,3
;;;0
;;;0
;;;0
;;;0
;;;0
;;;0
;;;0
;;;16,8
;;;6,1
;;;0
;;;0
;;;0,9
;;;0
;;;0
;;;0
;;;0
;;;0
;;;0
;;;0
;;;0
;;;0
;;;0
;;;0
;;;0
;;;0
;;;0
;;;0
;;;0
;;;0
;;;0
;;;0
;;;7
;;;27
;;;0
;;;3,6
;;;3
;;;9,7
;;;1,1
;;;0
;;;0
;;;0
;;;0,7
;;;0
;;;0
;;;0
;;;0
;;;0
;;;0
;;;0
;;;26,5
;;;0,3
;;;0,8
;;;0
;;;0
;;;0
;;;0
;;;0
;;;0,7
;;;42,5
;;;15,5
;;;3
;;;1,8
;;;0,4
;;;8
;;;0
;;;5
;;;0
;;;0
;;;1,1
;;;0
;;;0
;;;2,9
;;;0
;;;0
;;;0
;;;0
;;;0
;;;0
;;;2,6
;;;0
;;;0
;;;0
;;;3,8
;;;2,2
;;;3,1
;;;0
;;;0
;;;44
;;;1
;;;0
;;;0
;;;0
;;;0,9
;;;0
;;;0
;;;0
;;;0
;;;0
;;;0
;;;0
;;;0
;;;0
;;;0
;;;0
;;;0
;;;0
;;;0
;;;0
;;;0
;;;3,8
;;;0
;;;0
;;;0
;;;0
;;;0
;;;0
;;;0
;;;0
;;;0
;;;0
;;;5
;;;0
;;;5,8
;;;2
;;;0,3
;;;0,7
;;;1,1
;;;0
;;;0
;;;0
;;;0,8
;;;0
;;;0
;;;0
;;;0
;;;4,8
;;;0
;;;0
;;;0
;;;2
;;;3,7
;;;4,9
;;;1,5
;;;23,4
;;;0
;;;0
;;;0,2
;;;3
;;;0
;;;0
;;;0
;;;0,3
;;;0
;;;0
;;;0,9
;;;0
;;;0
;;;0
;;;0
;;;1,1
;;;0
;;;0
;;;0
;;;0
;;;4
;;;0
;;;1,5
;;;0,7
;;;0
;;;6,5
;;;8,7
;;;9,1
;;;3
;;;0
;;;0
;;;0
;;;0
;;;4,8
;;;0
;;;0,3
;;;7,6
;;;4,2
;;;0,7
;;;0
;;;0
;;;0
;;;0
;;;0
;;;0
;;;0
;;;0
;;;0
;;;0
;;;13
;;;0
;;;0
;;;0
;;;0
;;;0
;;;0,6
;;;0,2
;;;0
;;;0
;;;14,9
;;;0
;;;3,1
;;;35,4
;;;0
;;;6,6
;;;0,8
;;;25,5
;;;0
;;;0
;;;0
;;;0
;;;0
;;;0
;;;43,1
;;;7,8
;;;0
;;;0
;;;0
;;;0,8
;;;0
;;;1,2
;;;0
;;;0
;;;0,6
;;;0
;;;4
;;;10,4
;;;0
;;;3,3
;;;0
;;;0
;;;0
;;;2,5
;;;0
;;;10,5
;;;0
;;;0
;;;9
;;;0,8
;;;0
;;;0
;;;0,6
;;;0
;;;0
;;;0
;;;0
;;;0
;;;0
;;;0
;;;3,3
;;;0
;;;0
;;;0
;;;0
;;;0
;;;0
;;;0
;;;0
;;;0
;;;9,4
;;;13
;;;0
;;;0
;;;0
;;;0
;;;0
;;;0,5
;;;0
;;;15,5
;;;0
;;;0
;;;0
;;;0
;;;0,2
;;;24,4
;;;0,1
;;;20
;;;0
;;;3,4
;;;0
;;;0
;;;87,7
;;;0
;;;0
;;;0
;;;0
;;;0
;;;0,6
;;;0,2
;;;2,4
;;;0,1
;;;0
;;;0
;;;0
;;;1,3
;;;0
;;;0
;;;0
;;;0
;;;0
;;;0
;;;0
;;;0
;;;75,1
;;;28,2
;;;1
;;;1,9
;;;0,6
;;;0
;;;1,6
;;;0
;;;0
;;;0
;;;0
;;;0
;;;0
;;;0
;;;0
;;;13,6
;;;0,8
;;;0
;;;0
;;;0
;;;11,2
;;;0
;;;0
;;;0
;;;0
;;;0
;;;0
;;;0
;;;0
;;;0
;;;0
;;;7,3
;;;0
;;;0
;;;0,8
;;;2,6
;;;0,3
;;;2,4
;;;0
;;;0
;;;0
;;;0
;;;0
;;;0
;;;0
;;;0
;;;0
;;;23,2
;;;21,8
;;;0
;;;0
;;;2,7
;;;0
;;;0
;;;51,3
;;;3,2
;;;11,8
;;;2,4
;;;1
;;;0
;;;0
;;;4,8
;;;32,5
;;;12,3
;;;2,3
;;;0,5
;;;0
;;;0
;;;15,1
;;;18,6
;;;2,2
;;;0,8
;;;0,9
;;;7,2
;;;0
;;;1,9
;;;0
;;;0
;;;0
;;;0
;;;0
;;;0,7
;;;0
;;;0
;;;0,3
;;;0
;;;0
;;;0
;;;0
;;;0
;;;0
;;;0
;;;0
;;;0
;;;0
;;;0
;;;0
;;;1,4
;;;0
;;;0,3
;;;0
;;;0
;;;0
;;;0
;;;0
;;;0
;;;0
;;;0
;;;0
;;;0
;;;0
;;;0
;;;0
;;;0
;;;0
;;;0,5
;;;0,4
;;;9,7
;;;1,3
;;;0
;;;0
;;;0
;;;0
;;;0
;;;0
;;;0
;;;0
;;;0
;;;0
;;;0
;;;0
;;;1,4
;;;0
;;;0
;;;0
;;;0
;;;0,3
;;;0,4
;;;0
;;;0
;;;0
;;;0
;;;0
;;;0
;;;0
;;;0
;;;1,5
;;;0
;;;0,4
;;;0
;;;0
;;;0
;;;0
;;;0
;;;0
;;;0,5
;;;0,5
;;;1,2
;;;0
;;;0
;;;0
;;;0
;;;0
;;;0
;;;0
;;;0
;;;0
;;;0
;;;0
;;;0
;;;0
;;;8
;;;0
;;;0
;;;0
;;;0
;;;0
;;;0
;;;0
;;;3,5
;;;0
;;;0
;;;0,6
;;;0
;;;0
;;;2,6
;;;0
;;;0
;;;0
;;;0
;;;0
;;;0
;;;0
;;;0
;;;0
;;;0
;;;0
;;;0
;;;0
;;;0
;;;0
;;;0
;;;0
;;;0
;;;0
;;;0
;;;1,9
;;;0,3
;;;0
;;;0
;;;14,3
;;;0,5
;;;0
;;;0
;;;0
;;;0
;;;0
;;;13,1
;;;0
;;;36,2
;;;98
;;;11,1
;;;0,6
;;;0
;;;4,1
;;;0
;;;0
;;;0
;;;5,2
;;;0
;;;0
;;;0
;;;0
;;;0
;;;0
;;;0
;;;0,8
;;;0
;;;0
;;;0
;;;0
;;;0
;;;0
;;;0
;;;0
;;;0
;;;0
;;;0
;;;0
;;;0
;;;0
;;;0
;;;0
;;;0
;;;0
;;;0
;;;0
;;;0
;;;0
;;;0
;;;0
;;;0
;;;0
;;;10,8
;;;0
;;;0
;;;8,1
;;;1,6
;;;2,1
;;;0
;;;0
;;;0
;;;0
;;;0
;;;0
;;;0
;;;0
;;;0
;;;14,9
;;;0
;;;0
;;;0
;;;0
;;;0
;;;0
;;;0
;;;0
;;;0
;;;4,3
;;;0
;;;0
;;;0
;;;0
;;;0
;;;0
;;;0
;;;0,4
;;;3,2
;;;6,8
;;;0
;;;1
;;;0
;;;0
;;;0
;;;0
;;;0
;;;0
;;;0
;;;0
;;;0
;;;0
;;;0
;;;1,3
;;;1,7
;;;0
;;;0
;;;0
;;;0
;;;0
;;;0
;;;0
;;;0
;;;0
;;;0
;;;2,1
;;;0
;;;0
;;;0
;;;0
;;;0
;;;0
;;;0
;;;0
;;;0
;;;0
;;;0
;;;0
;;;0
;;;0
;;;7,4
;;;0
;;;0
;;;0
;;;4,7
;;;0
;;;0
;;;0,3
;;;0
;;;0
;;;0
;;;0
;;;0
;;;0
;;;0
;;;0
;;;0
;;;0
;;;0
;;;0
;;;0
;;;0
;;;0
;;;12,9
;;;0
;;;0
;;;0
;;;5,5
;;;0
;;;8,9
;;;3,5
;;;0
;;;0
;;;0
;;;0
;;;0
;;;0
;;;1
;;;0
;;;0
;;;29,6
;;;0
;;;3,5
;;;17,7
;;;40,7
;;;0
;;;0
;;;0
;;;0
;;;0
;;;0
;;;0
;;;10,4
;;;0
;;;0
;;;0
;;;18,2
;;;1,2
;;;3,3
;;;0
;;;0
;;;0
;;;0
;;;2,5
;;;2,3
;;;0,5
;;;0
;;;0
;;;0
;;;0
;;;0
;;;0
;;;1,2
;;;0
;;;0
;;;0
;;;0
;;;0
;;;10,7
;;;0
;;;1,9
;;;3,2
;;;32,7
;;;0,8
;;;0
;;;0
;;;0
;;;0
;;;0
;;;0
;;;0
;;;0
;;;0
;;;7,7
;;;0
;;;0
;;;0
;;;0
;;;1,5
;;;0
;;;0
;;;0
;;;1,9
;;;1,8
;;;0
;;;0
;;;0
;;;0
;;;0
;;;0
;;;0
;;;0
;;;0,5
;;;5,4
;;;1
;;;7,4
;;;0
;;;0
;;;0
;;;0
;;;0
;;;0
;;;0
;;;0
;;;0,3
;;;0
;;;4
;;;1,9
;;;0
;;;0
;;;1
;;;0
;;;0
;;;0
;;;0
;;;4,1
;;;4,1
;;;6,6
;;;0
;;;0
;;;0
;;;0
;;;0
;;;0
;;;0
;;;0,3
;;;0,7
;;;0
;;;0
;;;0
;;;0
;;;0
;;;0,4
;;;0
;;;0
;;;0
;;;0
;;;0
;;;0
;;;2,2
;;;0,6
;;;0
;;;0
;;;0
;;;0
;;;0
;;;0
;;;0
;;;0
;;;27
;;;0,5
;;;1
;;;10,6
;;;6,7
;;;0
;;;0,5
;;;0
;;;0
;;;0
;;;0
;;;0
;;;0
;;;0
;;;0
;;;0
;;;0
;;;3,7
;;;0
;;;0
;;;0
;;;0
;;;0
;;;0
;;;0
;;;0
;;;0
;;;0
;;;0,5
;;;0
;;;0
;;;0
;;;8,1
;;;6,6
;;;0
;;;0
;;;0
;;;0
;;;0
;;;0
;;;0
;;;0
;;;0
;;;0
;;;14,2
;;;4,2
;;;0
;;;0
;;;0
;;;0
;;;15
;;;0
;;;1,8
;;;0
;;;0
;;;6
;;;1
;;;24,8
;;;0
;;;0,9
;;;0,9
;;;5,2
;;;0
;;;12,6
;;;0,5
;;;0,5
;;;0
;;;0
;;;0
;;;0
;;;0
;;;0
;;;0
;;;0
;;;0
;;;2,4
;;;0
;;;0
;;;0
;;;0
;;;0
;;;0
;;;0,7
;;;1,9
;;;0
;;;0
;;;0
;;;0
;;;0
;;;0
;;;0
;;;0
;;;3,5
;;;0
;;;0
;;;5,7
;;;0
;;;0
;;;0
;;;0
;;;3,4
;;;0,3
;;;0
;;;0
;;;0
;;;0
;;;0
;;;5,5
;;;1,8
;;;0
;;;0
;;;0
;;;0
;;;14,3
;;;4,2
;;;0
;;;0
;;;0
;;;0
;;;4,9
;;;3
;;;0
;;;0
;;;0
;;;0
;;;0
;;;0
;;;0
;;;4,1
;;;5,1
;;;20,8
;;;0
;;;0
;;;0
;;;0
;;;0
;;;0
;;;0
;;;0
;;;0
;;;0
;;;0
;;;25,3
;;;15,1
;;;3,5
;;;0
;;;0
;;;3,1
;;;0
;;;0
;;;2
;;;0
;;;0
;;;0
;;;0
;;;0
;;;0
;;;0
;;;13,3
;;;14,5
;;;15,4
;;;0
;;;52
;;;0
;;;0
;;;0
;;;0
;;;0
;;;0
;;;0
;;;6,4
;;;0
;;;0
;;;0
;;;0
;;;0
;;;0
;;;0
;;;0
;;;0
;;;33,7
;;;1,2
;;;0
;;;0
;;;11,6
;;;0
;;;18,9
;;;0
;;;0
;;;0
;;;0
;;;0
;;;7,5
;;;0
;;;1,2
;;;0
;;;16,8
;;;0
;;;0
;;;0
;;;0
;;;0
;;;0
;;;10,5
;;;0
;;;40,9
;;;0
;;;0
;;;0
;;;1,4
;;;0
;;;27,3
;;;6,3
;;;0,9
;;;16,7
;;;9,8
;;;0
;;;0
;;;0
;;;0
;;;0
;;;0
;;;21,8
;;;0,5
;;;0
;;;0
;;;0
;;;3,4
;;;2,3
;;;0
;;;41
;;;2,2
;;;0
;;;0
;;;0
;;;14
;;;45,7
;;;1,5
;;;0
;;;0
;;;0
;;;0
;;;0
;;;0
;;;0
;;;0
;;;0
;;;0
;;;0
;;;0
;;;0
;;;0
;;;3,5
;;;3,5
;;;0
;;;0
;;;11,3
;;;0
;;;0
;;;9,3
;;;9,7
;;;0
;;;0
;;;0
;;;0
;;;0
;;;0
;;;0
;;;0
;;;0
;;;0
;;;0
;;;0
;;;3,4
;;;0,5
;;;0
;;;0
;;;0
;;;0
;;;0
;;;0
;;;0
;;;0
;;;0
;;;0
;;;0
;;;0
;;;0
;;;0
;;;0
;;;0
;;;0
;;;0
;;;15,8
;;;3,3
;;;4,2
;;;0
;;;0
;;;0,7
;;;0
;;;0,6
;;;0
;;;0
;;;0
;;;0
;;;0
;;;0
;;;0
;;;7,7
;;;3,5
;;;0
;;;0
;;;0
;;;0
;;;0
;;;0
;;;0,6
;;;0
;;;6,7
;;;0
;;;0
;;;0
;;;0
;;;4,2
;;;3,4
;;;0,4
;;;0
;;;0
;;;0
;;;0
;;;0
;;;0
;;;0
;;;0
;;;0
;;;0
;;;0
;;;0
;;;0,3
;;;0
;;;1,5
;;;0,7
;;;0
;;;0
;;;9,5
;;;0
;;;0
;;;0
;;;0
;;;6,4
;;;0
;;;0
;;;1,2
;;;0
;;;0
;;;0
;;;0
;;;0
;;;0
;;;0
;;;0
;;;0
;;;1
;;;1,4
;;;1,6
;;;0
;;;12,4
;;;1,1
;;;0
;;;9,5
;;;11
;;;0
;;;0
;;;4,9
;;;1,1
;;;0
;;;0,9
;;;0,4
;;;0
;;;0
;;;0
;;;0
;;;0
;;;0
;;;0
;;;0
;;;0
;;;0
;;;0
;;;0
;;;1,5
;;;0
;;;0
;;;0
;;;0
;;;0
;;;1,1
;;;0
;;;0
;;;0
;;;0
;;;0
;;;0,9
;;;0
;;;0
;;;0
;;;11,3
;;;12,1
;;;19,1
;;;0,7
;;;1,4
;;;0
;;;0
;;;0,7
;;;0,8
;;;1,3
;;;3,2
;;;0
;;;0
;;;0
;;;0
;;;0
;;;0
;;;3,1
;;;0
;;;0,8
;;;0,2
;;;25,7
;;;0
;;;0
;;;0
;;;7,1
;;;0
;;;0
;;;0
;;;0
;;;0
;;;14,3
;;;1,5
;;;9,5
;;;3,3
;;;0,3
;;;0
;;;0
;;;0
;;;0
;;;4
;;;5,6
;;;0,4
;;;9,8
;;;18,7
;;;0,3
;;;0
;;;1,6
;;;0
;;;38,5
;;;0
;;;0
;;;0
;;;0
;;;0
;;;0
;;;12,7
;;;0,4
;;;0
;;;0
;;;0
;;;5,8
;;;27,3
;;;0
;;;0
;;;0
;;;29,7
;;;0
;;;0,4
;;;0
;;;0
;;;0
;;;3,2
;;;11,3
;;;0
;;;0
;;;0
;;;5,5
;;;0
;;;0,8
;;;2,6
;;;0
;;;0
;;;0
;;;0
;;;9
;;;1,7
;;;0
;;;0
;;;0
;;;0
;;;0
;;;0
;;;0
;;;0
;;;0
;;;0
;;;0
;;;0
;;;0
;;;0
;;;0
;;;0
;;;8,4
;;;22,5
;;;0
;;;0
;;;0
;;;1,7
;;;0
;;;0
;;;0
;;;0
;;;0
;;;0
;;;0
;;;0
;;;4
;;;0
;;;0
;;;0
;;;0
;;;0
;;;14
;;;0
;;;0
;;;0
;;;4,1
;;;0
;;;0
;;;0
;;;0
;;;0
;;;0
;;;0
;;;29,6
;;;11,8
;;;0
;;;5,5
;;;0,3
;;;0
;;;1,7
;;;10,4
;;;0
;;;0
;;;0
;;;0
;;;0
;;;0
;;;52,5
;;;3,3
;;;0
;;;0
;;;0
;;;0
;;;0
;;;3
;;;0
;;;1,3
;;;0
;;;3,6
;;;0
;;;0
;;;13,3
;;;0
;;;22
;;;0
;;;0
;;;0
;;;0
;;;0
;;;0
;;;0
;;;18,9
;;;0
;;;0
;;;0
;;;0
;;;0
;;;0
;;;0
;;;0
;;;0
;;;0
;;;0
;;;0
;;;0
;;;0
;;;0
;;;0
;;;0
;;;0,8
;;;80,4
;;;0
;;;0
;;;11,5
;;;6,8
;;;0
;;;0
;;;0
;;;0
;;;13,8
;;;0
;;;0
;;;5,1
;;;0
;;;12,7
;;;0
;;;0
;;;0
;;;0
;;;0
;;;0
;;;5,2
;;;0,4
;;;4,4
;;;0,3
;;;0
;;;0
;;;0
;;;0
;;;0
;;;0
;;;0
;;;0
;;;0
;;;0
;;;0
;;;0
;;;0
;;;0
;;;0
;;;0
;;;0
;;;20,8
;;;0
;;;93,5
;;;0
;;;0
;;;4,5
;;;5,6
;;;43
;;;1,2
;;;0,4
;;;0
;;;1,9
;;;0,6
;;;0
;;;0
;;;0
;;;0
;;;0
;;;0
;;;3
;;;41
;;;5,9
;;;3,5
;;;0
;;;0
;;;0
;;;0
;;;0
;;;11,4
;;;2
;;;0,9
;;;0,8
;;;0
;;;0
;;;0
;;;0
;;;0
;;;4
;;;0
;;;0
;;;0
;;;0
;;;0
;;;0
;;;0
;;;1
;;;2
;;;1
;;;0,3
;;;0
;;;0
;;;0
;;;0
;;;0
;;;0
;;;0
;;;0
;;;0
;;;0
;;;0
;;;0
;;;12,4
;;;0,6
;;;18,1
;;;1,8
;;;11,2
;;;7,5
;;;1,6
;;;0,4
;;;0
;;;0
;;;0
;;;0
;;;0
;;;0
;;;0
;;;0
;;;0
;;;0
;;;0
;;;0,7
;;;0
;;;0,7
;;;0,6
;;;0
;;;0
;;;0
;;;0
;;;3,3
;;;9,2
;;;0
;;;0,4
;;;1,6
;;;2,4
;;;0
;;;0
;;;0
;;;0
;;;0
;;;0,6
;;;0,6
;;;2,8
;;;0
;;;0
;;;4,6
;;;2
;;;2,2
;;;0
;;;0
;;;0
;;;0
;;;0
;;;0
;;;0
;;;14,1
;;;16,5
;;;3,7
;;;0,1
;;;0
;;;0
;;;0
;;;0
;;;0
;;;6,2
;;;0
;;;0
;;;0
;;;0
;;;3
;;;22
;;;1,7
;;;0
;;;0
;;;0
;;;0
;;;0
;;;7,9
;;;14,8
;;;0
;;;0
;;;0,3
;;;0,4
;;;0,7
;;;0
;;;0
;;;0
;;;0
;;;0
;;;10
;;;0,7
;;;0
;;;0
;;;0
;;;0
;;;4,7
;;;4,7
;;;3,5
;;;2,3
;;;0
;;;0
;;;0
;;;0
;;;0
;;;1,4
;;;39
;;;19,7
;;;0,4
;;;0
;;;0
;;;3,8
;;;0
;;;4,8
;;;3
;;;6,3
;;;0,4
;;;0,5
;;;0
;;;0
;;;0,4
;;;1,5
;;;14,8
;;;11,5
;;;1,2
;;;0
;;;10,7
;;;0
;;;0,5
;;;0
;;;0
;;;0,5
;;;0
;;;6,1
;;;26,3
;;;0
;;;0
;;;0
;;;16,3
;;;4,9
;;;0
;;;0
;;;7,5
;;;13,5
;;;0
;;;0
;;;0
;;;0
;;;8,5
;;;16,7
;;;7
;;;0
;;;0
;;;0
;;;10,7
;;;27,1
;;;0
;;;0,3
;;;0,5
;;;0
;;;0
;;;0
;;;0
;;;0
;;;34,1
;;;0
;;;0
;;;15,8
;;;0
;;;0
;;;0
;;;0
;;;0
;;;4
;;;0
;;;0
;;;0
;;;0
;;;0
;;;0
;;;0
;;;0,9
;;;1
;;;1,4
;;;0
;;;0
;;;0
;;;0
;;;0
;;;0
;;;0
;;;13,1
;;;0
;;;0
;;;0
;;;1
;;;0
;;;0
;;;0
;;;0
;;;0
;;;21,6
;;;0
;;;0
;;;29,4
;;;17,5
;;;5,3
;;;0
;;;0
;;;0,5
;;;0
;;;0
;;;0
;;;0
;;;0
;;;0
;;;0
;;;0
;;;17
;;;2,6
;;;0
;;;0
;;;0
;;;0
;;;5,7
;;;18,4
;;;0
;;;0
;;;5,3
;;;0
;;;0
;;;0
;;;24
;;;0,7
;;;0
;;;0
;;;6,4
;;;0
;;;0
;;;0
;;;0
;;;0
;;;0
;;;0
;;;0
;;;0
;;;0
;;;3,4
;;;0
;;;0
;;;0
;;;2,2
;;;0
;;;0
;;;0
;;;0
;;;0
;;;0
;;;0
;;;0
;;;0
;;;0
;;;0
;;;2,5
;;;68
;;;0
;;;0
;;;0
;;;6,7
;;;0
;;;0
;;;3,5
;;;0
;;;2,2
;;;0
;;;0
;;;0
;;;0
;;;1,6
;;;56
;;;0
;;;0
;;;0
;;;4,6
;;;0,7
;;;0
;;;0
;;;0
;;;0
;;;0
;;;0
;;;6,5
;;;0
;;;0,6
;;;0,7
;;;7,5
;;;0
;;;0
;;;0
;;;0
;;;0
;;;0
;;;11,5
;;;10,9
;;;0
;;;0
;;;4,6
;;;5
;;;0,4
;;;0
;;;0
;;;0
;;;11,8
;;;0
;;;0,7
;;;30
;;;0
;;;0
;;;1,8
;;;0
;;;0
;;;1,6
;;;0
;;;0
;;;0
;;;0
;;;8,1
;;;0
;;;0
;;;0
;;;0
;;;0
;;;0
;;;0
;;;0
;;;0
;;;0
;;;0
;;;0
;;;31,7
;;;0
;;;0,4
;;;0
;;;9,1
;;;0
;;;0,3
;;;0
;;;0
;;;0
;;;0
;;;0
;;;2
;;;12,4
;;;6,2
;;;0
;;;0
;;;0
;;;0
;;;0
;;;0
;;;0
;;;5,5
;;;0
;;;0
;;;0,3
;;;0
;;;2,8
;;;0
;;;0
;;;0
;;;0
;;;0
;;;0
;;;0
;;;0
;;;0
;;;0
;;;1,3
;;;0,5
;;;0
;;;1,1
;;;0
;;;0
;;;0
;;;2,2
;;;0
;;;0
;;;0
;;;1,3
;;;9,5
;;;0
;;;0
;;;0
;;;0
;;;0,3
;;;0,3
;;;0
;;;1,9
;;;0
;;;0
;;;0
;;;0
;;;0,7
;;;0,7
;;;0
;;;0
;;;0
;;;21
;;;13,4
;;;0
;;;1,9
;;;1,2
;;;0
;;;0
;;;0
;;;0
;;;0
;;;0,3
;;;0
;;;0
;;;0
;;;0
;;;0
;;;0
;;;0
;;;0
;;;0
;;;0
;;;0
;;;0
;;;0
;;;0
;;;0
;;;0
;;;0
;;;49,6
;;;19,8
;;;1,6
;;;0,4
;;;0
;;;0
;;;0
;;;0
;;;7
;;;18,3
;;;10,7
;;;19,6
;;;7,6
;;;4
;;;2,5
;;;0
;;;0
;;;2
;;;5,4
;;;0
;;;0
;;;0
;;;0
;;;0
;;;0
;;;0,3
;;;0
;;;0
;;;0
;;;0
;;;15,1
;;;0
;;;7,6
;;;0
;;;0
;;;0
;;;0
;;;0
;;;0
;;;0
;;;0
;;;9,5
;;;0
;;;0
;;;0
;;;0
;;;11,4
;;;0
;;;0
;;;0
;;;4,8
;;;0
;;;1
;;;0
;;;0
;;;0
;;;0
;;;24,7
;;;1,2
;;;22
;;;0
;;;0
;;;0
;;;17,2
;;;25,3
;;;0
;;;0
;;;0
;;;0
;;;4
;;;0
;;;0,7
;;;0
;;;0
;;;0
;;;0
;;;0
;;;38,5
;;;0
;;;0
;;;0
;;;0
;;;0,4
;;;19,2
;;;83
;;;40,2
;;;0
;;;0
;;;0
;;;0
;;;16,3
;;;1
;;;0,7
;;;0
;;;0
;;;0
;;;0
;;;0
;;;0
;;;0
;;;0
;;;15,2
;;;0
;;;0
;;;0
;;;0
;;;0
;;;0
;;;0
;;;0
;;;0
;;;0
;;;0
;;;0
;;;1
;;;0
;;;0
;;;0
;;;0
;;;0
;;;7,6
;;;0
;;;4,7
;;;30
;;;0
;;;0
;;;0
;;;0
;;;0
;;;0
;;;0
;;;0
;;;0
;;;0
;;;0
;;;0
;;;0
;;;0
;;;9
;;;0
;;;0
;;;0
;;;0
;;;0
;;;3,4
;;;0,3
;;;0
;;;0
;;;0
;;;0
;;;0,6
;;;0,3
;;;1,5
;;;0
;;;0
;;;0
;;;0
;;;0,3
;;;0,2
;;;0,1
;;;0
;;;0
;;;0
;;;0
;;;0
;;;0
;;;0
;;;0
;;;0
;;;0
;;;0
;;;0
;;;1,6
;;;0
;;;0
;;;0
;;;5,6
;;;0
;;;0
;;;0
;;;0
;;;21,4
;;;2,6
;;;5,1
;;;4,3
;;;0,6
;;;0
;;;0
;;;0
;;;0
;;;0
;;;0
;;;0
;;;12,5
;;;0
;;;0
;;;0
;;;0
;;;0
;;;0
;;;0
;;;0
;;;0
;;;0
;;;14,8
;;;5,2
;;;0
;;;0
;;;2,6
;;;0
;;;1,3
;;;0
;;;0
;;;0
;;;10,6
;;;0,4
;;;0
;;;0
;;;0
;;;0
;;;0
;;;0
;;;0
;;;0
;;;0,6
;;;0,5
;;;0
;;;0
;;;0
;;;3,2
;;;0,4
;;;0
;;;3,1
;;;0
;;;0,3
;;;1
;;;2,6
;;;0
;;;0
;;;0
;;;0
;;;0
;;;0
;;;2
;;;12
;;;1,6
;;;0
;;;0
;;;0
;;;0,4
;;;0,5
;;;0
;;;0
;;;0
;;;0
;;;0
;;;0
;;;0
;;;0
;;;0
;;;0,4
;;;0
;;;0
;;;0
;;;0
;;;0
;;;0
;;;0
;;;0
;;;18,1
;;;1,3
;;;0
;;;0
;;;0
;;;0
;;;0
;;;0,6
;;;1,4
;;;0
;;;2,5
;;;1,8
;;;0
;;;0
;;;0
;;;0
;;;0
;;;0
;;;0
;;;0
;;;0
;;;0
;;;0
;;;0
;;;0
;;;0
;;;0
;;;0
;;;1,5
;;;0
;;;0
;;;0
;;;2,5
;;;0
;;;0
;;;0
;;;0
;;;0
;;;0
;;;0
;;;0
;;;0
;;;0
;;;0
;;;0
;;;1,8
;;;0
;;;0
;;;0
;;;0
;;;0
;;;0
;;;0
;;;0
;;;0
;;;0
;;;0
;;;0
;;;4,6
;;;0
;;;0
;;;0
;;;0
;;;0,8
;;;0
;;;0
;;;0
;;;0,5
;;;0
;;;0
;;;0
;;;0
;;;0
;;;0
;;;0
;;;14,1
;;;23,3
;;;0,4
;;;0
;;;0
;;;8,4
;;;0
;;;0
;;;0,5
;;;22,2
;;;2,1
;;;0
;;;0
;;;0
;;;0
;;;0
;;;0
;;;0
;;;0
;;;0
;;;0
;;;0
;;;0
;;;0
;;;0
;;;0
;;;0
;;;0
;;;1,7
;;;0,7
;;;3
;;;0,8
;;;0
;;;0
;;;0
;;;0
;;;0
;;;0
;;;0
;;;0
;;;0
;;;0
;;;0
;;;0
;;;0
;;;0
;;;9,3
;;;0,4
;;;0
;;;6,3
;;;1,7
;;;0
;;;0
;;;0,4
;;;0
;;;0
;;;0
;;;1,7
;;;0
;;;0
;;;0
;;;5,8
;;;7,2
;;;0
;;;0
;;;0
;;;0
;;;0
;;;0
;;;0
;;;0
;;;14,5
;;;56,2
;;;0,5
;;;15,1
;;;0,3
;;;0
;;;0
;;;0
;;;0
;;;6
;;;5,8
;;;19
;;;2,3
;;;0
;;;0,4
;;;0
;;;0
;;;2,5
;;;0
;;;7,5
;;;0
;;;0
;;;0
;;;0
;;;9,9
;;;0
;;;0
;;;0
;;;0
;;;0
;;;0
;;;0
;;;0
;;;0
;;;0
;;;1
;;;58,8
;;;1
;;;0
;;;2,3
;;;11,9
;;;0
;;;6,7
;;;0
;;;0
;;;0
;;;0
;;;0,4
;;;0
;;;0
;;;0
;;;0
;;;0
;;;0
;;;0
;;;0
;;;26,3
;;;1,8
;;;0
;;;10
;;;0
;;;0
;;;3,4
;;;0
;;;2,9
;;;0
;;;0
;;;0
;;;0
;;;0
;;;0
;;;0
;;;0
;;;0
;;;0
;;;0
;;;34,2
;;;23,8
;;;1,6
;;;0
;;;0
;;;8,1
;;;12,1
;;;0
;;;0
;;;0
;;;0
;;;0
;;;0
;;;0
;;;0
;;;5,8
;;;0
;;;0
;;;0
;;;0
;;;0
;;;0
;;;0
;;;0
;;;0
;;;0
;;;0
;;;0
;;;0
;;;0
;;;4,8
;;;0
;;;0
;;;0
;;;0
;;;0
;;;0
;;;0
;;;1,5
;;;0
;;;11,8
;;;18
;;;6,3
;;;19,1
;;;0
;;;1,3
;;;0
;;;0
;;;0
;;;0
;;;0
;;;2,5
;;;0
;;;0,8
;;;0
;;;0
;;;0
;;;19,1
;;;0
;;;1,3
;;;0
;;;0
;;;0
;;;0
;;;0
;;;0
;;;0
;;;0
;;;0
;;;0
;;;0
;;;21,7
;;;0
;;;0
;;;0
;;;2,3
;;;0
;;;0
;;;0
;;;0
;;;0
;;;0
;;;0
;;;0
;;;0
;;;0
;;;5,1
;;;1,5
;;;0
;;;0
;;;0
;;;0
;;;0
;;;0
;;;0
;;;0
;;;0
;;;0
;;;0
;;;0
;;;0
;;;20,2
;;;0
;;;0
;;;0
;;;0
;;;30,7
;;;0
;;;2,7
;;;6,3
;;;0
;;;1,5
;;;0
;;;12,4
;;;7,7
;;;0
;;;0,3
;;;0
;;;0
;;;0
;;;0
;;;0,5
;;;1
;;;35,5
;;;2,7
;;;3,7
;;;0
;;;0
;;;0
;;;0
;;;0
;;;0
;;;0,4
;;;0
;;;0
;;;0
;;;0
;;;0
;;;0
;;;0
;;;0
;;;0
;;;0
;;;0
;;;0
;;;0
;;;0,6
;;;0,5
;;;1,9
;;;0
;;;0
;;;0
;;;0
;;;0
;;;0
;;;0
;;;0
;;;0
;;;0
;;;0
;;;0
;;;0
;;;0
;;;0
;;;0
;;;0
;;;0
;;;0
;;;0
;;;0
;;;0
;;;1
;;;2
;;;0,9
;;;0
;;;0
;;;0
;;;0
;;;0,6
;;;0
;;;0
;;;27,4
;;;0,3
;;;0
;;;0
;;;0
;;;0
;;;0
;;;0
;;;0
;;;0
;;;0
;;;0
;;;0
;;;0
;;;0
;;;0
;;;0
;;;0
;;;0
;;;0
;;;1,1
;;;0
;;;0
;;;0
;;;0
;;;0
;;;0
;;;1,8
;;;0
;;;0
;;;0,8
;;;0
;;;14,2
;;;11,7
;;;23,2
;;;8,9
;;;0,8
;;;3
;;;6,4
;;;2,2
;;;0
;;;0
;;;0
;;;0
;;;0
;;;7,2
;;;0,5
;;;0,5
;;;1,6
;;;0,3
;;;0
;;;0
;;;0
;;;2
;;;0
;;;0,4
;;;17,3
;;;1,2
;;;1
;;;1,3
;;;0
;;;6
;;;16,5
;;;0,6
;;;0
;;;0
;;;0
;;;0
;;;0
;;;0
;;;0
;;;0
;;;0
;;;5
;;;0
;;;0
;;;0
;;;37,5
;;;0
;;;0
;;;0
;;;0
;;;0
;;;0
;;;0
;;;0
;;;0
;;;0
;;;0
;;;0
;;;0
;;;0
;;;0
;;;0
;;;0
;;;0
;;;0
;;;0
;;;0
;;;0,9
;;;20,8
;;;0
;;;0,4
;;;1,5
;;;0
;;;0
;;;0
;;;0
;;;0
;;;4,6
;;;11,7
;;;2,6
;;;2,9
;;;9
;;;19,2
;;;10,2
;;;11,2
;;;0
;;;0
;;;6,2
;;;0,7
;;;0,4
;;;0
;;;0
;;;0,9
;;;0
;;;0
;;;0
;;;26
;;;0
;;;0
;;;0
;;;0
;;;0
;;;15,3
;;;4,3
;;;0,9
;;;0,6
;;;6,2
;;;0
;;;0
;;;0
;;;0
;;;0,4
;;;3
;;;0
;;;0
;;;2,2
;;;0
;;;0
;;;12,6
;;;2
;;;0,6
;;;0
;;;0
;;;0
;;;0
;;;0
;;;0
;;;0
;;;0
;;;0
;;;13,4
;;;0
;;;0
;;;0
;;;55,6
;;;17,6
;;;0,6
;;;2,1
;;;0
;;;1
;;;0
;;;0
;;;0
;;;0
;;;0
;;;0
;;;12,7
;;;0
;;;0
;;;0
;;;1
;;;0
;;;0
;;;0
;;;0
;;;0
;;;9,3
;;;0
;;;0
;;;0
;;;0
;;;0
;;;0
;;;0
;;;0
;;;13,8
;;;0
;;;0
;;;0
;;;2,8
;;;0
;;;0
;;;0
;;;0
;;;0
;;;0
;;;0
;;;8,6
;;;0
;;;0
;;;0
;;;0
;;;0,6
;;;0
;;;7,4
;;;0
;;;0
;;;0
;;;0
;;;0
;;;0
;;;12,4
;;;24,5
;;;0,1
;;;0,6
;;;0
;;;0
;;;0
;;;0
;;;0
;;;35,5
;;;13,5
;;;11
;;;2,9
;;;2,3
;;;1,3
;;;0
;;;0
;;;30,4
;;;0
;;;0
;;;0
;;;0
;;;0
;;;0
;;;1,8
;;;85,1
;;;0,7
;;;9,8
;;;0
;;;0
;;;0
;;;0
;;;0
;;;1,5
;;;0
;;;0,5
;;;0
;;;0,5
;;;3,3
;;;0
;;;0
;;;0
;;;0
;;;0
;;;0
;;;0
;;;0
;;;0
;;;8,7
;;;0
;;;0
;;;0
;;;0
;;;0
;;;0
;;;0
;;;0
;;;5,4
;;;0
;;;2,5
;;;0
;;;4,6
;;;1,7
;;;0,5
;;;0,4
;;;0
;;;0
;;;0
;;;0
;;;0
;;;0
;;;0
;;;0
;;;1,8
;;;0
;;;0
;;;0
;;;0
;;;0
;;;0
;;;0
;;;0
;;;0
;;;0
;;;0
;;;2,1
;;;0,4
;;;0
;;;0
;;;0
;;;0
;;;0
;;;0
;;;0
;;;0
;;;0
;;;0
;;;0
;;;0
;;;0
;;;4
;;;0
;;;0,6
;;;0
;;;0
;;;1,1
;;;0
;;;0
;;;0
;;;0
;;;2,5
;;;0
;;;0
;;;0
;;;0
;;;0
;;;2,4
;;;1,1
;;;0
;;;0
;;;0
;;;0
;;;0
;;;0
;;;7,4
;;;0
;;;0
;;;0
;;;0
;;;0,8
;;;1,4
;;;0
;;;0,7
;;;1,6
;;;0
;;;0
;;;0
;;;0
;;;1,4
;;;2,9
;;;0
;;;2
;;;0,4
;;;0,6
;;;0
;;;0
;;;0
;;;0
;;;0
;;;0
;;;1
;;;0
;;;0
;;;0
;;;0
;;;0
;;;1,1
;;;1
;;;2,1
;;;0
;;;0
;;;0
;;;0
;;;0
;;;0
;;;0,3
;;;4,4
;;;15,1
;;;0
;;;0
;;;3,2
;;;0,6
;;;0
;;;0
;;;1,4
;;;8,5
;;;0,5
;;;2,8
;;;0,3
;;;0
;;;0
;;;0
;;;0
;;;0
;;;0
;;;0
;;;0
;;;0
;;;0
;;;2
;;;0
;;;0
;;;0
;;;0
;;;0
;;;0
;;;0
;;;11,3
;;;18,8
;;;3,6
;;;4,6
;;;0
;;;0
;;;0
;;;5
;;;0,3
;;;0
;;;0,6
;;;0
;;;0
;;;3,3
;;;0
;;;0,3
;;;0,9
;;;1,6
;;;0,6
;;;1,1
;;;0
;;;0
;;;0,8
;;;0,7
;;;0
;;;1,2
;;;0,6
;;;3,3
;;;0,2
;;;1,7
;;;0
;;;0
;;;0
;;;0
;;;0
;;;0
;;;0
;;;0
;;;0
;;;0
;;;0
;;;0,3
;;;0
;;;0
;;;0
;;;0
;;;7,5
;;;39,6
;;;0,5
;;;0
;;;41,7
;;;6,8
;;;0,4
;;;1,1
;;;0
;;;0
;;;0
;;;0
;;;0
;;;0
;;;0
;;;0
;;;0
;;;0
;;;0
;;;0
;;;0
;;;0
;;;0
;;;7,3
;;;0
;;;0
;;;0
;;;0
;;;4
;;;0
;;;0
;;;0
;;;0,6
;;;0
;;;0
;;;0
;;;18
;;;0
;;;0
;;;0
;;;0
;;;0
;;;0
;;;0
;;;1,6
;;;12,5
;;;0
;;;42,6
;;;0
;;;0
;;;0
;;;0
;;;0
;;;0,4
;;;0
;;;8,8
;;;0
;;;0
;;;0
;;;0
;;;8,6
;;;0
;;;0
;;;0
;;;0
;;;2
;;;12,1
;;;0
;;;1,1
;;;3,6
;;;0
;;;0
;;;0
;;;0
;;;0
;;;0
;;;0
;;;1,6
;;;3,4
;;;0
;;;8,6
;;;0
;;;2,2
;;;0
;;;0
;;;13,7
;;;0
;;;0
;;;0
;;;0
;;;0,4
;;;3,8
;;;0
;;;0
;;;0
;;;5,4
;;;0,6
;;;0
;;;3,5
;;;0,4
;;;0
;;;0
;;;0
;;;38,7
;;;0
;;;10,6
;;;0
;;;0
;;;3,4
;;;0
;;;0
;;;0
;;;0
;;;0
;;;0
;;;0
;;;0
;;;0
;;;0,4
;;;0
;;;0
;;;0
;;;0
;;;0
;;;0
;;;0
;;;0
;;;0
;;;0
;;;31,5
;;;0
;;;0,3
;;;0
;;;7,4
;;;1,5
;;;0
;;;0
;;;13,4
;;;0
;;;0
;;;0
;;;0
;;;0
;;;0
;;;0
;;;0
;;;3,4
;;;25,1
;;;25,8
;;;0
;;;0
;;;2,8
;;;0
;;;0
;;;6,2
;;;0
;;;0
;;;0
;;;0
;;;13,5
;;;0
;;;0
;;;0
;;;0
;;;0
;;;0
;;;1,7
;;;0
;;;1,8
;;;0
;;;0
;;;0
;;;0
;;;0
;;;0
;;;0
;;;2
;;;0
;;;0
;;;0
;;;0
;;;0
;;;0
;;;0
;;;0
;;;0
;;;0
;;;0,9
;;;0
;;;0
;;;0
;;;0
;;;0
;;;0
;;;0
;;;0
;;;14,8
;;;9,8
;;;10,9
;;;0
;;;0
;;;0
;;;0
;;;0
;;;0
;;;0
;;;0
;;;0
;;;0
;;;0
;;;0
;;;0
;;;9,7
;;;0
;;;3,7
;;;0,4
;;;0
;;;0
;;;0
;;;0,4
;;;0
;;;0
;;;0
;;;0
;;;0
;;;0
;;;0
;;;0
;;;0
;;;0
;;;0
;;;0
;;;0
;;;0
;;;0
;;;0
;;;0
;;;0
;;;0
;;;0
;;;0
;;;0
;;;0
;;;0
;;;0
;;;0
;;;1,6
;;;3,8
;;;0
;;;0
;;;0,8
;;;0
;;;2,1
;;;0
;;;0
;;;0
;;;0
;;;0
;;;0
;;;0
;;;0
;;;0
;;;1,2
;;;0
;;;0
;;;0
;;;0
;;;0
;;;0
;;;0
;;;4,2
;;;0,8
;;;0
;;;0
;;;0
;;;0
;;;0
;;;0
;;;0
;;;0
;;;0
;;;0
;;;4,7
;;;0
;;;0
;;;0
;;;0
;;;0
;;;0
;;;0
;;;0
;;;0
;;;0
;;;0
;;;0
;;;0
;;;0
;;;0
;;;0
;;;1,7
;;;0,3
;;;33,1
;;;3,7
;;;6,5
;;;2,3
;;;0,8
;;;0
;;;0
;;;0
;;;0
;;;0
;;;0
;;;0,3
;;;0
;;;0
;;;0
;;;0
;;;0
;;;0
;;;2,3
;;;0
;;;0,6
;;;0,4
;;;0
;;;1
;;;1
;;;0
;;;0
;;;0
;;;0
;;;0
;;;0,3
;;;0
;;;0
;;;0
;;;0
;;;0
;;;0
;;;18,9
;;;0
;;;1,1
;;;0,4
;;;0
;;;0
;;;0
;;;2,4
;;;0
;;;1,4
;;;0
;;;0
;;;0
;;;0
;;;0
;;;0
;;;0
;;;0
;;;0
;;;0
;;;14,8
;;;1,4
;;;0
;;;0
;;;0
;;;0
;;;0
;;;0
;;;0
;;;0
;;;0,9
;;;0,7
;;;38,4
;;;5,8
;;;0
;;;0
;;;0
;;;0
;;;0
;;;0
;;;0
;;;0
;;;69,4
;;;1,8
;;;0
;;;0
;;;0
;;;1
;;;0,4
;;;0
;;;0
;;;0
;;;0
;;;12,4
;;;0
;;;12
;;;0,7
;;;10
;;;0
;;;1,7
;;;0
;;;0
;;;0
;;;0
;;;0
;;;0,9
;;;0
;;;0
;;;0
;;;0
;;;0
;;;0
;;;0
;;;6,6
;;;0
;;;0
;;;0
;;;0
;;;0
;;;0
;;;0
;;;0
;;;0
;;;0
;;;0
;;;0
;;;0
;;;0
;;;3,8
;;;0
;;;0
;;;33,7
;;;3
;;;0
;;;0
;;;0
;;;1,9
;;;0
;;;0
;;;0
;;;0
;;;35,5
;;;0
;;;14,7
;;;0
;;;0
;;;27,8
;;;0
;;;0
;;;13,8
;;;0
;;;0
;;;0,5
;;;0
;;;0
;;;0
;;;0,9
;;;0
;;;0
;;;0
;;;0
;;;9,7
;;;1,2
;;;0
;;;0
;;;9,9
;;;0
;;;0
;;;0
;;;0
;;;0
;;;0
;;;0
;;;0
;;;0
;;;0
;;;0
;;;0
;;;0
;;;0
;;;0
;;;0
;;;0
;;;5
;;;0
;;;0
;;;4,4
;;;5,3
;;;0
;;;0
;;;1
;;;0
;;;3,5
;;;0
;;;0
;;;0
;;;0
;;;0
;;;0
;;;0
;;;0
;;;0
;;;0
;;;0
;;;0
;;;0
;;;27,3
;;;8,3
;;;59,7
;;;13,3
;;;0
;;;3
;;;0
;;;13,1
;;;0
;;;0
;;;0
;;;0,4
;;;12,9
;;;0
;;;0
;;;0
;;;0
;;;0
;;;0
;;;0
;;;0
;;;40,7
;;;8,3
;;;3,9
;;;0
;;;0
;;;0
;;;0
;;;5
;;;0
;;;0
;;;0
;;;0
;;;0
;;;0
;;;0
;;;11,2
;;;0
;;;0
;;;3,4
;;;0
;;;0
;;;0
;;;1,7
;;;0
;;;0
;;;6,3
;;;0
;;;0
;;;0
;;;0
;;;0
;;;0
;;;0
;;;3,1
;;;1,3
;;;3
;;;0
;;;0
;;;0
;;;0
;;;27,2
;;;0
;;;2,1
;;;2,7
;;;0
;;;0
;;;2,3
;;;0
;;;0
;;;1,7
;;;2,5
;;;0
;;;0
;;;0
;;;0
;;;0
;;;0
;;;5,4
;;;8,8
;;;0
;;;0
;;;5,1
;;;0,7
;;;0
;;;0
;;;0
;;;0
;;;0
;;;0
;;;0
;;;0
;;;0
;;;0
;;;0
;;;0
;;;0
;;;1,8
;;;1,5
;;;0
;;;0
;;;0,5
;;;7,8
;;;1,3
;;;0,4
;;;0
;;;0
;;;0
;;;0
;;;0
;;;0
;;;0
;;;0
;;;0
;;;0
;;;0
;;;0
;;;0
;;;0,3
;;;1,7
;;;0,6
;;;0
;;;0
;;;0
;;;0
;;;0
;;;0
;;;0
;;;0
;;;0
;;;0
;;;0
;;;0
;;;0
;;;0
;;;0
;;;0
;;;0
;;;0
;;;0
;;;0
;;;0
;;;0
;;;0
;;;0
;;;0
;;;0
;;;0
;;;0
;;;0
;;;0
;;;0
;;;0
;;;0
;;;0
;;;0
;;;0
;;;0
;;;0
;;;0
;;;0
;;;0
;;;0
;;;0
;;;0
;;;0
;;;0
;;;2,5
;;;0
;;;0
;;;0
;;;0
;;;0
;;;0
;;;0
;;;0
;;;1
;;;0,7
;;;0
;;;0
;;;0
;;;0
;;;0
;;;0
;;;0
;;;0
;;;0
;;;0
;;;0
;;;0
;;;0
;;;0
;;;1
;;;0
;;;0
;;;0
;;;0
;;;0
;;;0
;;;0
;;;0
;;;0
;;;0
;;;0
;;;0
;;;0
;;;3,9
;;;6,3
;;;7,1
;;;0,3
;;;33,8
;;;44,4
;;;24,8
;;;0
;;;0
;;;1,3
;;;8,9
;;;0
;;;1,6
;;;0
;;;2,5
;;;3,2
;;;0
;;;0
;;;0
;;;0
;;;0
;;;0
;;;0
;;;57,3
;;;0,4
;;;0
;;;0
;;;0
;;;0
;;;0
;;;0,5
;;;17,4
;;;1,6
;;;0
;;;0
;;;0
;;;0
;;;0
;;;0
;;;0
;;;0
;;;4,5
;;;0
;;;0
;;;0
;;;0
;;;3,6
;;;0
;;;0
;;;0
;;;0
;;;0
;;;7
;;;0
;;;0
;;;2,6
;;;0
;;;0
;;;0
;;;0
;;;0
;;;9,4
;;;8,1
;;;7
;;;0,8
;;;0
;;;0,7
;;;0
;;;0
;;;0
;;;2,2
;;;0
;;;0
;;;0
;;;0
;;;8,7
;;;1,1
;;;0
;;;0
;;;0
;;;0
;;;0
;;;0
;;;0
;;;1
;;;0
;;;7,6
;;;0
;;;0
;;;0
;;;0
;;;0
;;;0
;;;0
;;;0
;;;0
;;;0
;;;0
;;;0
;;;0
;;;0
;;;0
;;;0
;;;1,3
;;;0
;;;0
;;;0
;;;0
;;;0
;;;0
;;;0
;;;0
;;;1,3
;;;0
;;;0
;;;0
;;;7,4
;;;0
;;;0
;;;0
;;;0
;;;0
;;;0
;;;8,5
;;;0
;;;0
;;;0
;;;0
;;;0
;;;0
;;;0
;;;0
;;;0
;;;0
;;;0
;;;0,8
;;;0,7
;;;0
;;;2,3
;;;1,4
;;;0
;;;2,7
;;;24,2
;;;0,4
;;;0
;;;0
;;;0
;;;0
;;;0
;;;0
;;;0,2
;;;5,5
;;;0
;;;8,8
;;;0,6
;;;0
;;;0
;;;0
;;;0
;;;0
;;;0,3
;;;0
;;;14,5
;;;17,8
;;;2,9
;;;1,1
;;;5,1
;;;0
;;;1,3
;;;0
;;;1,3
;;;0,4
;;;0
;;;0
;;;50,8
;;;11
;;;12,8
;;;9,1
;;;14,1
;;;18,4
;;;14,2
;;;4,1
;;;0
;;;0
;;;0
;;;0
;;;0
;;;0
;;;0
;;;0
;;;15,3
;;;0
;;;0
;;;25,2
;;;0
;;;0
;;;0
;;;0
;;;0
;;;2,3
;;;0
;;;0
;;;0
;;;0
;;;1,3
;;;0
;;;0
;;;0
;;;0
;;;0
;;;2
;;;0
;;;0
;;;0
;;;0
;;;0
;;;0
;;;0
;;;12,7
;;;0
;;;0
;;;0
;;;0
;;;0
;;;0
;;;0
;;;0
;;;0
;;;0
;;;0
;;;0
;;;0
;;;0
;;;4,3
;;;2,6
;;;0
;;;0
;;;0
;;;0
;;;0
;;;0
;;;0
;;;0
;;;0
;;;0
;;;0
;;;0
;;;0
;;;0
;;;0
;;;0,6
;;;0
;;;0
;;;0
;;;0,5
;;;4
;;;0
;;;3,3
;;;0,3
;;;0
;;;2,3
;;;6
;;;0,4
;;;2,5
;;;0,3
;;;0,4
;;;0
;;;0
;;;0
;;;3,2
;;;5,3
;;;0
;;;0
;;;0
;;;1,1
;;;0
;;;0
;;;0
;;;0
;;;0
;;;12
;;;1,4
;;;0
;;;0
;;;0
;;;2,8
;;;1,7
;;;0
;;;0
;;;0
;;;0
;;;0
;;;0
;;;0
;;;0
;;;0
;;;0
;;;0
;;;0
;;;0
;;;0
;;;0
;;;0
;;;0
;;;0
;;;0
;;;0
;;;5,5
;;;10,6
;;;0
;;;0
;;;0
;;;0,7
;;;0
;;;0
;;;0
;;;8,8
;;;0,7
;;;0
;;;3,4
;;;0,3
;;;0
;;;0
;;;0
;;;0
;;;0
;;;0,3
;;;0
;;;1,3
;;;0
;;;3,8
;;;0,2
;;;0
;;;0
;;;0
;;;0
;;;0
;;;0
;;;0
;;;0
;;;0
;;;0
;;;2
;;;0
;;;0
;;;0
;;;0,6
;;;0
;;;0
;;;0
;;;0
;;;0
;;;0
;;;4,9
;;;8,8
;;;0,6
;;;0
;;;0
;;;0
;;;0
;;;0
;;;0,7
;;;1,6
;;;0
;;;0
;;;0
;;;0
;;;0
;;;0,4
;;;0
;;;0
;;;0
;;;0
;;;0
;;;0
;;;0
;;;0
;;;0
;;;1,8
;;;0
;;;0
;;;0
;;;0
;;;0
;;;0
;;;31
;;;2,8
;;;0
;;;0
;;;1,4
;;;0
;;;0
;;;0
;;;0
;;;0
;;;0
;;;0,8
;;;0
;;;2,3
;;;6,5
;;;0
;;;0
;;;0
;;;0
;;;0
;;;0
;;;0
;;;4,3
;;;0
;;;0
;;;0
;;;0
;;;0
;;;0
;;;0
;;;0
;;;7,1
;;;0
;;;0
;;;0
;;;0
;;;0
;;;0,3
;;;0
;;;0
;;;0
;;;3,1
;;;0
;;;0
;;;0
;;;0
;;;0
;;;0
;;;4,5
;;;0
;;;0
;;;0
;;;0
;;;0
;;;0
;;;0
;;;0
;;;4,4
;;;0
;;;0
;;;0,7
;;;7,5
;;;0
;;;0
;;;0
;;;0
;;;0
;;;0
;;;0
;;;0
;;;0
;;;2,6
;;;0
;;;0
;;;0
;;;0
;;;0
;;;0
;;;0
;;;1,5
;;;4,8
;;;28,7
;;;0
;;;5,6
;;;0
;;;0
;;;0
;;;1,7
;;;0
;;;0
;;;0
;;;0
;;;0
;;;7
;;;0
;;;0
;;;0
;;;0
;;;0
;;;0
;;;1,2
;;;0
;;;0
;;;0
;;;0
;;;13,7
;;;0
;;;0
;;;3
;;;0
;;;0
;;;1,2
;;;0
;;;0
;;;0
;;;0
;;;0
;;;0
;;;19
;;;0
;;;0
;;;0
;;;0
;;;0
;;;0
;;;0
;;;0
;;;0
;;;0,5
;;;14,4
;;;4,3
;;;0
;;;3,9
;;;0
;;;0
;;;3,5
;;;0
;;;0
;;;0
;;;0
;;;0
;;;0
;;;0
;;;0
;;;1,4
;;;0
;;;0
;;;0
;;;0
;;;0
;;;0
;;;0
;;;0
;;;0
;;;1,9
;;;18,1
;;;8,8
;;;0
;;;81,3
;;;6,5
;;;0
;;;0
;;;0
;;;0
;;;0
;;;1
;;;0
;;;0
;;;0
;;;0
;;;0
;;;0
;;;0
;;;0
;;;0
;;;4,3
;;;0
;;;0
;;;0
;;;7
;;;1
;;;0
;;;0
;;;1,3
;;;0
;;;1,5
;;;0
;;;18,7
;;;0
;;;0
;;;0
;;;0
;;;0
;;;0
;;;0
;;;0
;;;1,3
;;;0
;;;0
;;;0
;;;0
;;;4,7
;;;0
;;;0
;;;0
;;;0
;;;0
;;;0
;;;0
;;;0
;;;0
;;;0
;;;0
;;;0
;;;0
;;;0
;;;0
;;;0
;;;2,5
;;;0
;;;0
;;;0
;;;0
;;;0
;;;8,7
;;;2,7
;;;7,3
;;;3
;;;0,4
;;;0
;;;0
;;;0
;;;0
;;;0
;;;0
;;;0
;;;0
;;;0
;;;15,9
;;;1,3
;;;0
;;;0
;;;0
;;;0
;;;0
;;;2,3
;;;10,3
;;;0
;;;0
;;;0
;;;0,6
;;;0
;;;0
;;;0
;;;0
;;;0
;;;0
;;;0
;;;0
;;;0
;;;0
;;;0
;;;0
;;;0
;;;0
;;;0
;;;0
;;;0
;;;0
;;;0
;;;0
;;;0
;;;0
;;;35,5
;;;7,3
;;;1,3
;;;0
;;;0
;;;0
;;;0
;;;0
;;;0,4
;;;0
;;;0
;;;0
;;;1,8
;;;0
;;;0
;;;0,4
;;;0
;;;0
;;;0
;;;0
;;;1,5
;;;0,3
;;;1,8
;;;2,8
;;;25,1
;;;2
;;;0
;;;0,8
;;;0
;;;0
;;;0
;;;0
;;;0
;;;0
;;;0
;;;0
;;;0
;;;0
;;;0
;;;0
;;;0
;;;0
;;;0
;;;0
;;;0
;;;0
;;;0
;;;0
;;;0
;;;0
;;;0
;;;0
;;;0,7
;;;2,1
;;;0
;;;0
;;;1,3
;;;0
;;;0
;;;0
;;;0
;;;0
;;;0
;;;0
;;;0
;;;0
;;;0
;;;0
;;;0
;;;1
;;;2,8
;;;2,9
;;;0,7
;;;0
;;;0
;;;0
;;;0
;;;0
;;;0
;;;2
;;;0
;;;2,5
;;;0
;;;0
;;;0
;;;14,8
;;;0
;;;0
;;;0
;;;0
;;;9,2
;;;0
;;;0
;;;0
;;;0
;;;0
;;;0
;;;0
;;;9,6
;;;0
;;;0
;;;0
;;;0
;;;0
;;;23,8
;;;2,8
;;;0
;;;0
;;;0
;;;0
;;;0
;;;0
;;;5,2
;;;0,5
;;;0
;;;4
;;;0
;;;0
;;;0
;;;0
;;;0
;;;0
;;;0
;;;0
;;;0
;;;0
;;;0
;;;2,7
;;;0
;;;0
;;;0
;;;2,7
;;;0
;;;0
;;;0
;;;0
;;;0
;;;0
;;;0
;;;0
;;;0
;;;41,9
;;;0
;;;0,4
;;;1,7
;;;0
;;;0
;;;1,3
;;;0
;;;7,8
;;;0
;;;0
;;;10,5
;;;0
;;;0
;;;0
;;;0
;;;0
;;;0
;;;0
;;;18,6
;;;0
;;;0
;;;0
;;;0
;;;0
;;;0
;;;0
;;;1,5
;;;0
;;;0
;;;0
;;;0
;;;0,5
;;;14,2
;;;0
;;;0
;;;2
;;;15,1
;;;0
;;;0
;;;0
;;;8,9
;;;0
;;;0,7
;;;0
;;;0
;;;0
;;;0
;;;0
;;;0
;;;0
;;;0
;;;0
;;;0
;;;0
;;;0
;;;39,2
;;;0
;;;0
;;;0
;;;0
;;;0
;;;0
;;;0
;;;0
;;;0
;;;0
;;;0
;;;0
;;;4,5
;;;0
;;;0
;;;0
;;;0
;;;7
;;;0
;;;0
;;;0
;;;36
;;;5
;;;0
;;;0
;;;0,1
;;;41,7
;;;0
;;;20,7
;;;0
;;;0
;;;26
;;;0
;;;11,1
;;;0
;;;0
;;;0
;;;68,4
;;;1,4
;;;0
;;;0
;;;47
;;;0
;;;1,4
;;;0
;;;0
;;;0
;;;0
;;;0
;;;1
;;;2,8
;;;1
;;;2
;;;0
;;;0
;;;0
;;;19,1
;;;1
;;;0,5
;;;0
;;;0
;;;0
;;;0
;;;5,4
;;;17,8
;;;0
;;;0
;;;13,7
;;;0
;;;0
;;;0
;;;0
;;;0
;;;0
;;;0
;;;0
;;;16
;;;0
;;;13,7
;;;0
;;;0
;;;0
;;;0
;;;0
;;;0
;;;0
;;;0
;;;0
;;;0
;;;0
;;;20,4
;;;0,5
;;;1,6
;;;0
;;;0
;;;0
;;;0
;;;0
;;;0
;;;0,5
;;;0,6
;;;0
;;;0
;;;0
;;;1,5
;;;0
;;;0
;;;0
;;;0
;;;0
;;;0
;;;0
;;;0
;;;0
;;;0
;;;0
;;;0
;;;0
;;;0
;;;0
;;;0
;;;0
;;;11,8
;;;0
;;;0
;;;0
;;;0
;;;0
;;;0
;;;0
;;;27
;;;10,3
;;;0,8
;;;0
;;;0,2
;;;0
;;;0
;;;0
;;;0
;;;0
;;;0
;;;0
;;;0
;;;0
;;;0
;;;0
;;;0
;;;0
;;;0
;;;0
;;;0
;;;0
;;;20,7
;;;15,2
;;;0
;;;0,5
;;;0,3
;;;10,5
;;;0
;;;0
;;;0,5
;;;0
;;;0
;;;0
;;;0
;;;0
;;;0
;;;0
;;;0
;;;0
;;;0
;;;0
;;;0
;;;28,5
;;;0
;;;20,5
;;;0
;;;0
;;;0
;;;0
;;;4,8
;;;0,5
;;;4
;;;4,5
;;;11,3
;;;0
;;;0
;;;15,4
;;;0,9
;;;0
;;;0
;;;0
;;;0
;;;0,5
;;;0,7
;;;0
;;;0
;;;0
;;;0
;;;0
;;;0
;;;0
;;;0,5
;;;0
;;;0
;;;0
;;;0
;;;0
;;;0
;;;0
;;;0
;;;0
;;;0
;;;0
;;;0
;;;0
;;;0
;;;0
;;;0
;;;0
;;;0
;;;0
;;;0
;;;0
;;;0
;;;0
;;;0
;;;0
;;;0,5
;;;0
;;;4,9
;;;0
;;;0
;;;1
;;;18,9
;;;0
;;;0
;;;0
;;;0
;;;0
;;;3,2
;;;8,9
;;;0
;;;0
;;;0
;;;0
;;;0
;;;0
;;;0
;;;0
;;;0,8
;;;7
;;;0
;;;0
;;;0
;;;0
;;;0
;;;0
;;;0
;;;5,8
;;;5,8
;;;1
;;;0
;;;0
;;;0
;;;0
;;;0
;;;0
;;;2,6
;;;0
;;;0
;;;0
;;;0
;;;0
;;;0
;;;0
;;;0,8
;;;2,1
;;;0
;;;0
;;;0
;;;1
;;;2
;;;0
;;;0
;;;0
;;;0
;;;0
;;;0
;;;5
;;;26,9
;;;29,6
;;;1
;;;0
;;;28,5
;;;0
;;;4
;;;0,5
;;;0
;;;51,2
;;;0
;;;0
;;;0
;;;0
;;;0
;;;0,4
;;;25,9
;;;4,1
;;;0,4
;;;0
;;;4,9
;;;0,8
;;;8,1
;;;4
;;;0
;;;0
;;;0
;;;2,7
;;;0,5
;;;0
;;;0
;;;2,3
;;;0
;;;1
;;;0
;;;0
;;;0
;;;0
;;;10,9
;;;0,4
;;;0
;;;0
;;;0
;;;0
;;;0
;;;0
;;;0
;;;0
;;;0
;;;0
;;;0
;;;1,2
;;;0
;;;0
;;;0
;;;0,3
;;;0
;;;0
;;;1,3
;;;16,9
;;;0
;;;0
;;;0
;;;0
;;;0
;;;0
;;;0
;;;15,5
;;;41,1
;;;0,9
;;;0
;;;6
;;;0
;;;0
;;;0
;;;0,6
;;;8,9
;;;0
;;;25
;;;0,5
;;;0
;;;2,5
;;;0
;;;0
;;;0
;;;0
;;;0
;;;0
;;;18
;;;3,7
;;;0
;;;0
;;;0
;;;3
;;;0
;;;0
;;;0
;;;11
;;;0
;;;0
;;;0
;;;0
;;;0
;;;0
;;;0
;;;0
;;;1,5
;;;0
;;;0
;;;0
;;;0
;;;1,1
;;;2,6
;;;4,1
;;;0
;;;9,9
;;;3,8
;;;2,2
;;;0
;;;0
;;;0
;;;0
;;;0
;;;0
;;;0
;;;0
;;;0
;;;0
;;;0
;;;5,7
;;;0
;;;0
;;;0
;;;4,4
;;;31,7
;;;1,6
;;;0
;;;0
;;;0
;;;1
;;;0
;;;0
;;;0
;;;0
;;;0
;;;0
;;;0
;;;5,4
;;;0
;;;0
;;;0
;;;0
;;;0
;;;0
;;;0
;;;0
;;;0
;;;0
;;;0
;;;4
;;;0
;;;0
;;;0
;;;0
;;;0
;;;4,1
;;;0
;;;0
;;;0
;;;8,5
;;;0
;;;0
;;;0
;;;0
;;;0
;;;0
;;;0
;;;0
;;;0
;;;0
;;;0,6
;;;26
;;;0
;;;3,5
;;;0
;;;0
;;;0
;;;0
;;;0
;;;0
;;;0
;;;0
;;;0
;;;0
;;;0
;;;0
;;;0
;;;0
;;;0
;;;0
;;;0,4
;;;0
;;;0
;;;0
;;;8,6
;;;0
;;;0
;;;0
;;;0
;;;0
;;;0
;;;0
;;;0
;;;0
;;;0
;;;0
;;;0
;;;1,1
;;;0
;;;0
;;;0
;;;0
;;;0
;;;0
;;;0
;;;0
;;;0,9
;;;0
;;;0
;;;0
;;;0
;;;0
;;;24,5
;;;0
;;;0
;;;0
;;;5,6
;;;2,4
;;;1,6
;;;1,2
;;;0
;;;0
;;;0
;;;2,8
;;;0
;;;0
;;;0
;;;0,6
;;;0
;;;0
;;;0
;;;0
;;;0
;;;0
;;;0
;;;0
;;;0
;;;0
;;;1,5
;;;0
;;;0
;;;0
;;;26,7
;;;1,9
;;;0
;;;0
;;;0
;;;0
;;;0,7
;;;2,3
;;;0
;;;0
;;;0
;;;0,4
;;;0
;;;0
;;;0
;;;0
;;;5,5
;;;0
;;;0
;;;0,4
;;;0
;;;0
;;;0
;;;0,4
;;;0
;;;0
;;;0
;;;0
;;;0
;;;0
;;;2,3
;;;3
;;;3,2
;;;0,5
;;;0
;;;0
;;;0
;;;0
;;;0
;;;0
;;;0
;;;0
;;;0
;;;0
;;;0
;;;0
;;;0
;;;0
;;;0
;;;0
;;;0
;;;0
;;;0
;;;0,4
;;;0
;;;0
;;;0
;;;0
;;;0
;;;0
;;;18,3
;;;0
;;;0
;;;0
;;;0
;;;0
;;;0
;;;0
;;;0
;;;0
;;;0
;;;0,5
;;;0,5
;;;0
;;;0
;;;0
;;;1,3
;;;0
;;;0
;;;0
;;;0,4
;;;2,3
;;;1,4
;;;1,4
;;;0
;;;0
;;;4,6
;;;0
;;;0
;;;0
;;;0
;;;0
;;;0
;;;0
;;;0
;;;11,8
;;;0
;;;0
;;;0
;;;0
;;;4,6
;;;0
;;;0
;;;0
;;;0
;;;0
;;;0
;;;0
;;;61,8
;;;0
;;;0
;;;0
;;;12,2
;;;11,6
;;;5,3
;;;1,1
;;;0
;;;0
;;;0
;;;0
;;;0
;;;0
;;;0
;;;0
;;;30,7
;;;1,5
;;;0
;;;0
;;;0
;;;1,7
;;;0
;;;0,4
;;;55,8
;;;0
;;;0
;;;0
;;;0
;;;0
;;;0
;;;24,4
;;;0
;;;0
;;;0
;;;0
;;;26
;;;2,6
;;;0,2
;;;0
;;;0
;;;0
;;;0
;;;0
;;;0
;;;0
;;;0
;;;12,1
;;;28,1
;;;0
;;;0
;;;0
;;;0
;;;0
;;;0
;;;0
;;;0
;;;0
;;;0
;;;0
;;;0
;;;0
;;;0
;;;0
;;;0
;;;0
;;;0
;;;26
;;;1,5
;;;0
;;;0
;;;0
;;;0
;;;0
;;;0
;;;20
;;;0
;;;0
;;;0
;;;1,6
;;;0
;;;3,7
;;;0,3
;;;0
;;;0
;;;0
;;;0
;;;0
;;;0
;;;0
;;;0
;;;0
;;;1,7
;;;0
;;;0
;;;0
;;;1,3
;;;0
;;;0
;;;0
;;;0
;;;1,7
;;;0
;;;0
;;;0
;;;21,8
;;;24,8
;;;17,8
;;;0
;;;0
;;;0
;;;8,3
;;;0
;;;2,6
;;;5
;;;0
;;;0,4
;;;0
;;;0
;;;0
;;;0
;;;0
;;;21,7
;;;23,2
;;;0
;;;0,5
;;;0
;;;11,8
;;;0
;;;35,2
;;;0
;;;0
;;;0
;;;0
;;;0
;;;0
;;;1,3
;;;0
;;;0
;;;1,8
;;;0
;;;0
;;;0
;;;8,7
;;;7,7
;;;0
;;;0
;;;0
;;;0
;;;0
;;;0
;;;0
;;;0
;;;8,1
;;;0
;;;0
;;;0
;;;0
;;;0,5
;;;2,3
;;;0
;;;0
;;;0
;;;0
;;;0
;;;0
;;;0
;;;4,6
;;;0
;;;0
;;;0
;;;0
;;;0
;;;0
;;;2,6
;;;3,2
;;;1,8
;;;0,5
;;;0
;;;0
;;;0
;;;0
;;;0
;;;0
;;;0
;;;0
;;;0
;;;21,7
;;;0,5
;;;0
;;;14,7
;;;0
;;;0
;;;0
;;;0
;;;29,7
;;;31,4
;;;0
;;;0
;;;0
;;;0
;;;0
;;;0
;;;0
;;;0
;;;4
;;;4,5
;;;0,8
;;;0
;;;0
;;;0
;;;2,7
;;;1,9
;;;3,3
;;;0,4
;;;9,1
;;;11,3
;;;0
;;;0
;;;0
;;;0
;;;0
;;;0
;;;0
;;;0
;;;0
;;;0,8
;;;0
;;;0
;;;0
;;;0
;;;0
;;;0
;;;0
;;;0
;;;0
;;;0
;;;0
;;;0
;;;0
;;;4
;;;0
;;;0
;;;0
;;;0
;;;0
;;;0
;;;0
;;;0
;;;0
;;;0
;;;0
;;;0
;;;1,5
;;;0
;;;0
;;;0
;;;0
;;;0
;;;0
;;;0,7
;;;0
;;;0
;;;0
;;;0
;;;0
;;;0
;;;0
;;;0
;;;0
;;;0
;;;0,8
;;;0,6
;;;0,8
;;;0,8
;;;0
;;;0
;;;0
;;;33,8
;;;0,7
;;;0
;;;0
;;;10,5
;;;0
;;;0
;;;0
;;;0
;;;47,6
;;;24,3
;;;7,3
;;;0
;;;0
;;;0
;;;48,3
;;;11,4
;;;2,3
;;;3,7
;;;0
;;;0
;;;0
;;;0
;;;0
;;;0
;;;0
;;;0
;;;10,1
;;;2,9
;;;0
;;;0
;;;0
;;;0
;;;0
;;;0
;;;0
;;;0
;;;0
;;;0
;;;1,4
;;;0
;;;0
;;;0
;;;0
;;;0
;;;0
;;;0
;;;0
;;;1,6
;;;0
;;;0
;;;0
;;;0
;;;0
;;;1,7
;;;0
;;;0
;;;0
;;;0
;;;15,6
;;;0,5
;;;0
;;;0
;;;0
;;;0
;;;0
;;;0
;;;0
;;;0
;;;9,2
;;;18,1
;;;0,5
;;;0
;;;0
;;;0
;;;2,9
;;;1,3
;;;0
;;;0
;;;0
;;;0,6
;;;0
;;;0
;;;0
;;;0
;;;0
;;;0
;;;0
;;;0
;;;0
;;;0
;;;0
;;;0
;;;63,7
;;;0
;;;0
;;;0
;;;0
;;;0
;;;0
;;;0
;;;0
;;;0,7
;;;0
;;;17,7
;;;0
;;;32,7
;;;0
;;;1,7
;;;0
;;;0,8
;;;0
;;;0
;;;0
;;;14,1
;;;7,5
;;;0
;;;7,7
;;;0
;;;0,7
;;;3,1
;;;20,2
;;;0
;;;0
;;;0
;;;0
;;;0
;;;0
;;;0
;;;17,5
;;;0
;;;6,8
;;;0
;;;0,6
;;;52
;;;0
;;;0
;;;0
;;;12,1
;;;37,4
;;;1,1
;;;0
;;;16,7
;;;0
;;;23,2
;;;1,3
;;;0,7
;;;0
;;;0
;;;0
;;;2,1
;;;0
;;;0
;;;0
;;;0
;;;0
;;;0
;;;0
;;;0
;;;0
;;;0
;;;14,5
;;;0
;;;0
;;;0
;;;0
;;;0
;;;0
;;;0
;;;28
;;;1,1
;;;0
;;;0
;;;0
;;;0
;;;4
;;;0
;;;0
;;;0
;;;0
;;;0
;;;1,1
;;;0
;;;0
;;;0
;;;0
;;;0
;;;11,7
;;;0,8
;;;0
;;;0
;;;0
;;;0
;;;9,5
;;;0
;;;0
;;;0
;;;0
;;;0
;;;0
;;;14,2
;;;2,3
;;;0
;;;0
;;;0
;;;0
;;;29,7
;;;21,8
;;;2
;;;0
;;;0,5
;;;0
;;;0
;;;0
;;;0,7
;;;0
;;;0
;;;0
;;;3,1
;;;1
;;;0,8
;;;0
;;;0
;;;0
;;;0
;;;0
;;;0
;;;0
;;;0
;;;7,5
;;;0
;;;0
;;;0
;;;0
;;;0
;;;0
;;;0
;;;22,1
;;;2,4
;;;14,7
;;;0,4
;;;0
;;;0
;;;0
;;;0
;;;0
;;;9,7
;;;0,4
;;;5
;;;0
;;;0
;;;0
;;;0
;;;0
;;;0
;;;0
;;;0
;;;0
;;;0
;;;0
;;;0
;;;0
;;;0
;;;9
;;;28,7
;;;0
;;;0
;;;0,7
;;;0
;;;0
;;;0
;;;0
;;;2,3
;;;0
;;;0
;;;0
;;;0
;;;0
;;;0
;;;0
;;;0
;;;4,7
;;;0
;;;0
;;;0
;;;6,8
;;;0
;;;0
;;;0
;;;0
;;;0
;;;0
;;;0
;;;6,3
;;;6,2
;;;0
;;;0
;;;0
;;;0
;;;0,3
;;;0
;;;0
;;;0,6
;;;0
;;;0
;;;0
;;;0
;;;0
;;;0
;;;0
;;;0
;;;2,5
;;;0
;;;0
;;;0
;;;0
;;;0
;;;0
;;;0
;;;0
;;;0
;;;0
;;;0
;;;0
;;;0
;;;0
;;;0
;;;0
;;;0
;;;0
;;;22,8
;;;2,6
;;;0
;;;0
;;;10,2
;;;0
;;;0
;;;0
;;;0,8
;;;0
;;;0
;;;0
;;;3,1
;;;0,9
;;;0
;;;1,2
;;;9,7
;;;1,7
;;;0,4
;;;0
;;;0
;;;0
;;;0
;;;0
;;;0
;;;21,7
;;;0
;;;0
;;;0
;;;0
;;;1,2
;;;0
;;;0
;;;0
;;;0
;;;0
;;;0
;;;0,3
;;;0,7
;;;0
;;;0
;;;0
;;;0
;;;0
;;;0
;;;0
;;;7,6
;;;0,7
;;;0,7
;;;0
;;;0
;;;0
;;;0
;;;0
;;;0
;;;0
;;;0
;;;0
;;;2,3
;;;2,1
;;;0,6
;;;0,5
;;;0
;;;3,3
;;;12
;;;0
;;;0
;;;21,4
;;;0
;;;1,3
;;;0
;;;0
;;;1,4
;;;0
;;;0
;;;0
;;;0
;;;0
;;;0
;;;0
;;;0
;;;0
;;;0
;;;0
;;;0,8
;;;29
;;;6,4
;;;8,9
;;;0,4
;;;0
;;;0
;;;0
;;;0
;;;0
;;;0
;;;15,4
;;;0,8
;;;0
;;;2,7
;;;0
;;;0
;;;0
;;;7,2
;;;1,3
;;;0
;;;9
;;;11,9
;;;2,9
;;;0
;;;0,5
;;;0
;;;0
;;;1,1
;;;0
;;;0
;;;0,7
;;;0
;;;0
;;;10,1
;;;1,4
;;;0
;;;0
;;;0
;;;0
;;;18,9
;;;0
;;;0
;;;3,4
;;;0,3
;;;0
;;;0
;;;0
;;;12
;;;0
;;;0
;;;0
;;;0
;;;0
;;;0
;;;0
;;;0
;;;0
;;;9,8
;;;0
;;;0
;;;0
;;;0
;;;0
;;;7,3
;;;2,5
;;;0
;;;0
;;;0
;;;0
;;;0
;;;0
;;;0
;;;0
;;;0
;;;0
;;;0
;;;0
;;;0
;;;0
;;;0
;;;0
;;;0
;;;0
;;;0
;;;0
;;;0
;;;0
;;;3,3
;;;3,7
;;;0
;;;0
;;;0
;;;0
;;;0
;;;0
;;;0
;;;0
;;;0
;;;0
;;;0
;;;0,4
;;;0
;;;0
;;;1,5
;;;0
;;;0
;;;0
;;;0
;;;0
;;;0
;;;0,3
;;;0
;;;0
;;;0
;;;54
;;;0
;;;0
;;;0
;;;0
;;;0
;;;0
;;;0
;;;0
;;;0
;;;2
;;;0
;;;0
;;;0
;;;2,1
;;;18
;;;0
;;;0
;;;0
;;;0
;;;0
;;;9,7
;;;1,4
;;;0
;;;0
;;;0
;;;0
;;;1
;;;0
;;;0
;;;2,2
;;;0,4
;;;0,6
;;;0
;;;1,1
;;;0
;;;0
;;;0
;;;0
;;;0
;;;0
;;;0,5
;;;0
;;;0
;;;0
;;;0
;;;2,2
;;;5,4
;;;5,1
;;;0
;;;0
;;;0
;;;26,2
;;;6,1
;;;13,6
;;;5,8
;;;3,5
;;;0
;;;0
;;;0,6
;;;0,9
;;;0
;;;0
;;;0
;;;0
;;;0
;;;0
;;;0
;;;22
;;;8,3
;;;0
;;;0
;;;4
;;;2,7
;;;1,7
;;;0,5
;;;0
;;;72,8
;;;1,2
;;;0
;;;0
;;;1,8
;;;26,7
;;;0,8
;;;0
;;;0
;;;0
;;;0
;;;0
;;;0
;;;0
;;;0
;;;0
;;;0
;;;0
;;;0
;;;0
;;;3,5
;;;0
;;;0
;;;0
;;;5,6
;;;0
;;;0
;;;0,8
;;;0
;;;5,1
;;;1,3
;;;0,5
;;;0
;;;2,7
;;;0
;;;0
;;;0,7
;;;7,7
;;;0
;;;6,8
;;;0
;;;0
;;;0
;;;1,5
;;;38,4
;;;3,3
;;;0
;;;0
;;;0
;;;0
;;;0
;;;0
;;;0
;;;0
;;;0
;;;0
;;;0
;;;0
;;;0,6
;;;0
;;;0
;;;1,3
;;;0,4
;;;0
;;;5,6
;;;12,6
;;;5,5
;;;0
;;;0
;;;0,7
;;;0
;;;0
;;;0
;;;0
;;;0
;;;5
;;;0
;;;0,5
;;;0
;;;0
;;;0
;;;0
;;;0
;;;0
;;;0
;;;0
;;;0,5
;;;0
;;;0
;;;84
;;;14
;;;0
;;;0
;;;0
;;;0
;;;0
;;;9,8
;;;0,4
;;;22,5
;;;0
;;;0
;;;0
;;;0
;;;0
;;;0
;;;0
;;;0
;;;0
;;;0
;;;1,1
;;;0
;;;0
;;;0
;;;1
;;;0,4
;;;0
;;;0
;;;0
;;;0
;;;0
;;;0
;;;0
;;;0
;;;0
;;;0
;;;0
;;;0
;;;0
;;;0
;;;0
;;;0
;;;0
;;;0
;;;0
;;;0
;;;0
;;;0
;;;0
;;;0
;;;0
;;;0
;;;0
;;;0
;;;0
;;;0
;;;0
;;;0
;;;0
;;;0
;;;1,8
;;;4,6
;;;9,6
;;;0
;;;0
;;;4,6
;;;0
;;;0
;;;0
;;;0
;;;0
;;;0
;;;0
;;;0
;;;0
;;;0
;;;0
;;;0
;;;0
;;;5,1
;;;0
;;;0
;;;0
;;;0
;;;0
;;;0
;;;1,7
;;;0
;;;0
;;;0
;;;2,6
;;;15,6
;;;0,4
;;;1
;;;0
;;;23,1
;;;0,5
;;;0
;;;0
;;;0
;;;0
;;;0,7
;;;5,6
;;;0
;;;0
;;;0
;;;0
;;;0
;;;0
;;;0
;;;11,8
;;;0
;;;0
;;;43
;;;79,3
;;;0
;;;0
;;;0
;;;0
;;;0
;;;18,4
;;;16,6
;;;0
;;;0,4
;;;2,5
;;;0
;;;0
;;;0
;;;0
;;;0
;;;0
;;;0
;;;0
;;;0
;;;0
;;;0
;;;17
;;;0
;;;0
;;;0
;;;0
;;;23,1
;;;0
;;;0
;;;0
;;;0
;;;0
;;;42,6
;;;0
;;;0
;;;0
;;;0
;;;0
;;;73
;;;0
;;;0
;;;22,9
;;;0
;;;0
;;;15,3
;;;0
;;;0
;;;0
;;;24,7
;;;0
;;;0
;;;0
;;;3,2
;;;1
;;;0
;;;0
;;;0
;;;0
;;;0
;;;0,6
;;;1,7
;;;0,4
;;;0
;;;0
;;;1,3
;;;1,2
;;;0
;;;0
;;;0
;;;4,5
;;;0
;;;1,7
;;;0
;;;0
;;;0
;;;0
;;;0
;;;0,5
;;;0
;;;4
;;;0
;;;1,1
;;;0
;;;0
;;;0
;;;0
;;;0
;;;0
;;;0
;;;0
;;;6
;;;0
;;;0
;;;0
;;;0
;;;0
;;;0
;;;0
;;;22,3
;;;0
;;;0
;;;8
;;;11,7
;;;0
;;;0
;;;0
;;;0
;;;0
;;;0
;;;0
;;;76,3
;;;26
;;;0,4
;;;0
;;;0
;;;0
;;;0
;;;0
;;;49,7
;;;0
;;;0
;;;0
;;;0
;;;0
;;;6,7
;;;0
;;;0
;;;0
;;;0
;;;0
;;;0
;;;0
;;;2,9
;;;0
;;;0
;;;1
;;;24,1
;;;0
;;;0
;;;0
;;;2
;;;0
;;;0
;;;0
;;;0,5
;;;0
;;;0
;;;2,5
;;;0
;;;0
;;;0
;;;0
;;;0
;;;0
;;;0
;;;0
;;;0
;;;0
;;;0
;;;0
;;;0
;;;6,5
;;;0
;;;6,2
;;;0
;;;0
;;;0
;;;7
;;;0
;;;1,3
;;;3,7
;;;4
;;;0
;;;0
;;;0
;;;0
;;;0
;;;0
;;;0
;;;0
;;;0
;;;0
;;;14
;;;1
;;;0,5
;;;24,3
;;;7,7
;;;0
;;;0
;;;0,5
;;;0
;;;0
;;;0
;;;0
;;;0
;;;0
;;;0
;;;0
;;;0
;;;0
;;;0
;;;0
;;;3
;;;0
;;;0
;;;0
;;;0
;;;0
;;;0
;;;0
;;;0
;;;0
;;;0
;;;5,7
;;;0
;;;0
;;;0
;;;0
;;;0
;;;0
;;;0
;;;0
;;;0
;;;2,3
;;;0,8
;;;0
;;;0
;;;0
;;;0
;;;0
;;;0
;;;0
;;;0
;;;0
;;;0
;;;0
;;;0
;;;0
;;;0
;;;0
;;;9,5
;;;0
;;;1,5
;;;0
;;;0
;;;0
;;;0
;;;2,4
;;;0,7
;;;0
;;;0
;;;0
;;;0
;;;0
;;;0
;;;0
;;;8,1
;;;13,1
;;;0
;;;0
;;;0
;;;0
;;;0
;;;0
;;;0
;;;0
;;;0
;;;0
;;;0
;;;0
;;;0
;;;0
;;;0
;;;0
;;;0
;;;12,5
;;;0
;;;0
;;;0
;;;0
;;;0
;;;28,5
;;;0
;;;0
;;;8,3
;;;0,4
;;;0
;;;0
;;;0
;;;9,6
;;;0
;;;0
;;;0
;;;0
;;;0
;;;0
;;;0
;;;1,2
;;;13,7
;;;0
;;;0
;;;0
;;;0
;;;0
;;;0,8
;;;0
;;;0
;;;0
;;;0
;;;0
;;;0
;;;0
;;;0
;;;0
;;;0
;;;0
;;;0
;;;1,3
;;;0
;;;0
;;;0
;;;0,3
;;;0
;;;0
;;;0
;;;0
;;;0
;;;0,4
;;;18,1
;;;1
;;;0,5
;;;0
;;;0
;;;0
;;;0
;;;0
;;;0,5
;;;0,7
;;;19,6
;;;1,6
;;;0,5
;;;0
;;;4,1
;;;0
;;;0
;;;0
;;;0,6
;;;0
;;;0
;;;0
;;;0
;;;4,2
;;;1,2
;;;0
;;;0
;;;0
;;;15,6
;;;0
;;;5,1
;;;0,3
;;;0
;;;15,2
;;;4
;;;0
;;;0
;;;11,9
;;;0,4
;;;0
;;;0
;;;0
;;;0
;;;0
;;;0
;;;0
;;;0
;;;0
;;;13,1
;;;0
;;;0
;;;0
;;;9,6
;;;0
;;;0
;;;0
;;;0
;;;0
;;;0
;;;0
;;;0
;;;0
;;;0
;;;0
;;;0
;;;0
;;;2,8
;;;0
;;;0
;;;0
;;;0
;;;0
;;;0
;;;0
;;;0
;;;0
;;;0
;;;1,6
;;;0
;;;0
;;;0
;;;0
;;;0
;;;0,9
;;;1
;;;0
;;;28,4
;;;0
;;;0
;;;0
;;;0
;;;9,1
;;;0
;;;0
;;;0
;;;0
;;;0
;;;0,6
;;;0
;;;0
;;;0
;;;57,7
;;;9,7
;;;0
;;;0
;;;1,5
;;;0
;;;0
;;;0
;;;2,2
;;;4
;;;2
;;;0
;;;0
;;;0
;;;0
;;;11
;;;7
;;;0
;;;0
;;;2,5
;;;0
;;;2
;;;0
;;;0
;;;7,5
;;;0,8
;;;0
;;;0
;;;0
;;;5
;;;0
;;;0
;;;0
;;;0
;;;8,3
;;;0,5
;;;8,4
;;;23,5
;;;0
;;;0
;;;0
;;;0
;;;1,3
;;;11,7
;;;0
;;;0
;;;0
;;;12,5
;;;0
;;;2,7
;;;0
;;;0
;;;0
;;;13,6
;;;0
;;;0,4
;;;0
;;;0
;;;0
;;;0
;;;0
;;;0
;;;0
;;;15,4
;;;0
;;;0
;;;0
;;;0
;;;0
;;;0
;;;0
;;;0
;;;0
;;;0
;;;0
;;;0
;;;0
;;;1,3
;;;0
;;;0
;;;0
;;;0
;;;0
;;;0
;;;0
;;;0
;;;0
;;;0
;;;0
;;;0
;;;0
;;;32,3
;;;17,2
;;;2
;;;7,2
;;;18,7
;;;0
;;;0
;;;0
;;;0
;;;0
;;;0
;;;0
;;;0
;;;0
;;;0
;;;0
;;;0
;;;1,2
;;;0,8
;;;0
;;;0
;;;0
;;;0
;;;0
;;;0
;;;6,5
;;;1,2
;;;0,9
;;;0,3
;;;0
;;;0
;;;0,8
;;;0
;;;0
;;;0
;;;0
;;;2
;;;0
;;;3
;;;0
;;;0
;;;0
;;;0,3
;;;0
;;;5
;;;3,7
;;;0,4
;;;0,4
;;;0
;;;5,4
;;;0,5
;;;0
;;;0
;;;0
;;;0
;;;0,4
;;;0,4
;;;0
;;;0
;;;12,1
;;;4,7
;;;24,6
;;;6,8
;;;0,4
;;;0
;;;0
;;;0
;;;3,2
;;;0
;;;0
;;;8,8
;;;0
;;;0
;;;0
;;;0
;;;0,3
;;;0
;;;0
;;;0
;;;0
;;;0
;;;0
;;;0
;;;0
;;;0
;;;0
;;;0
;;;0
;;;12,7
;;;0
;;;0
;;;0
;;;0
;;;5
;;;1,5
;;;0
;;;0
;;;0
;;;0
;;;0
;;;0
;;;0
;;;6,4
;;;0
;;;0
;;;0
;;;3,7
;;;2,5
;;;0
;;;0
;;;0
;;;0
;;;0
;;;0
;;;0
;;;0
;;;6
;;;3,8
;;;3,5
;;;0
;;;0
;;;0
;;;0
;;;0
;;;0
;;;0
;;;0
;;;0
;;;0
;;;0
;;;0
;;;0
;;;0
;;;0
;;;0
;;;0
;;;1,1
;;;0,6
;;;2,5
;;;0
;;;0
;;;0
;;;0
;;;0
;;;0
;;;0
;;;0
;;;0
;;;0
;;;0
;;;0
;;;0
;;;0
;;;0
;;;0
;;;0,4
;;;0
;;;1,4
;;;0
;;;0
;;;0
;;;0
;;;0
;;;0
;;;9,6
;;;2
;;;6,2
;;;0
;;;0
;;;0
;;;0
;;;0,5
;;;0
;;;0
;;;0
;;;0
;;;0
;;;0
;;;0
;;;0
;;;1,7
;;;0
;;;0
;;;0
;;;0
;;;0
;;;0
;;;6,5
;;;2,6
;;;4
;;;4,8
;;;0
;;;0
;;;0
;;;0
;;;11,3
;;;0
;;;17,5
;;;0
;;;2,5
;;;0
;;;0
;;;0
;;;0
;;;0
;;;0
;;;0
;;;0
;;;0
;;;0
;;;0
;;;0
;;;0
;;;0
;;;0
;;;12,2
;;;0
;;;0
;;;0
;;;0
;;;0
;;;0
;;;2,5
;;;0,4
;;;0
;;;0
;;;0
;;;0
;;;0
;;;0
;;;1,5
;;;0
;;;0
;;;0
;;;0
;;;0
;;;0
;;;0
;;;0
;;;0
;;;2,3
;;;0
;;;0
;;;0
;;;0
;;;0
;;;0
;;;0
;;;1,5
;;;0
;;;0
;;;0
;;;0
;;;0,4
;;;0
;;;0
;;;0
;;;9,9
;;;0
;;;0
;;;0
;;;8,5
;;;0
;;;0
;;;0
;;;1,5
;;;0
;;;0
;;;3,3
;;;0
;;;0
;;;0
;;;0
;;;0
;;;0
;;;26,2
;;;0
;;;4,4
;;;0
;;;0
;;;0
;;;0
;;;15,2
;;;0
;;;13
;;;0
;;;0
;;;0
;;;0
;;;0
;;;0
;;;0
;;;0
;;;0
;;;32,2
;;;0
;;;0
;;;0
;;;1
;;;0
;;;0
;;;0
;;;0
;;;0
;;;0
;;;0
;;;12,3
;;;0
;;;0
;;;0
;;;29,6
;;;11,3
;;;0
;;;0
;;;6,1
;;;8,3
;;;0
;;;0
;;;0
;;;0
;;;1,3
;;;0
;;;0
;;;0,7
;;;0
;;;0
;;;0
;;;0
;;;2,6
;;;0
;;;0
;;;0
;;;26,6
;;;3,1
;;;0
;;;0
;;;0
;;;0
;;;0
;;;0
;;;0
;;;3,6
;;;38,6
;;;0,4
;;;0
;;;0
;;;0
;;;0
;;;0
;;;2,2
;;;0
;;;0
;;;0
;;;0
;;;0
;;;0
;;;0
;;;0
;;;0
;;;0
;;;5,2
;;;0
;;;0
;;;0,4
;;;3,6
;;;1,6
;;;2,5
;;;17,5
;;;0
;;;2,2
;;;0
;;;0
;;;1,2
;;;17,7
;;;33,7
;;;0,8
;;;0
;;;0
;;;0,7
;;;0
;;;2,5
;;;0
;;;0
;;;0
;;;0
;;;0
;;;0
;;;0
;;;6
;;;0
;;;3,7
;;;15,9
;;;0
;;;0
;;;0
;;;0
;;;0
;;;0
;;;0
;;;0
;;;0
;;;0,5
;;;0
;;;0
;;;0
;;;0
;;;1,8
;;;7
;;;0
;;;0
;;;0
;;;0
;;;0
;;;45,8
;;;17
;;;0
;;;0
;;;4,1
;;;5,1
;;;3,8
;;;3,9
;;;0,5
;;;0
;;;0
;;;0
;;;0
;;;0
;;;0
;;;0
;;;0
;;;0,3
;;;0
;;;0
;;;0
;;;0
;;;0
;;;0
;;;0
;;;0
;;;0
;;;0
;;;0
;;;0
;;;1,9
;;;3,8
;;;0
;;;0
;;;0
;;;0
;;;0
;;;7,7
;;;2
;;;46,7
;;;7,7
;;;0
;;;0
;;;0
;;;0
;;;0
;;;0
;;;0
;;;3,4
;;;0
;;;0,8
;;;1
;;;0
;;;0
;;;0
;;;6,6
;;;0,6
;;;1
;;;12,8
;;;4
;;;0
;;;0
;;;0
;;;0
;;;0
;;;0
;;;0
;;;0
;;;0
;;;0
;;;0
;;;0
;;;0
;;;0
;;;0,9
;;;0
;;;0
;;;0
;;;0
;;;0
;;;0
;;;4,7
;;;0
;;;0
;;;6,8
;;;22,1
;;;0
;;;0
;;;0
;;;0
;;;0
;;;0
;;;0
;;;0
;;;0
;;;0
;;;0
;;;0
;;;0
;;;0
;;;0
;;;1,5
;;;35
;;;28,6
;;;0
;;;0
;;;0
;;;0
;;;0,5
;;;0
;;;0
;;;0
;;;0
;;;0
;;;5,8
;;;29,9
;;;0,6
;;;0
;;;0
;;;0
;;;0
;;;0
;;;0
;;;0
;;;0
;;;3,4
;;;0
;;;0
;;;0
;;;0
;;;1,5
;;;0
;;;0
;;;3,9
;;;2,3
;;;6
;;;0
;;;0
;;;0
;;;0
;;;0
;;;0
;;;0
;;;6,5
;;;0
;;;0
;;;0
;;;0
;;;0
;;;0
;;;0
;;;0
;;;0
;;;1,2
;;;0
;;;0
;;;3,3
;;;0
;;;0
;;;0
;;;15,3
;;;12,5
;;;0
;;;0
;;;0
;;;0
;;;1,8
;;;0,7
;;;1,5
;;;3
;;;0
;;;2
;;;0
;;;6,8
;;;8,4
;;;0
;;;0
;;;0
;;;0
;;;12,6
;;;2,3
;;;1,5
;;;0,5
;;;1,8
;;;0
;;;0
;;;0
;;;0
;;;0
;;;0
;;;0
;;;0
;;;0
;;;0
;;;0,3
;;;1,1
;;;2,6
;;;0
;;;0
;;;0
;;;0
;;;0
;;;5,2
;;;1
;;;0
;;;0
;;;0
;;;0
;;;0,6
;;;8,1
;;;0
;;;0
;;;4,6
;;;0
;;;0
;;;0
;;;0
;;;0
;;;0
;;;0
;;;0
;;;1,4
;;;1
;;;0
;;;13,4
;;;0
;;;0
;;;0
;;;0
;;;0
;;;0
;;;0,9
;;;0
;;;0
;;;0
;;;0
;;;0
;;;0
;;;0
;;;65,6
;;;0
;;;0
;;;0
;;;7,6
;;;1,1
;;;0
;;;0
;;;12,7
;;;0
;;;0
;;;0
;;;0
;;;0
;;;0
;;;0
;;;0
;;;0
;;;4
;;;0
;;;0
;;;0
;;;0
;;;1,1
;;;0
;;;0
;;;0
;;;0
;;;0
;;;0
;;;0
;;;0
;;;0
;;;0
;;;0
;;;0
;;;0
;;;15,7
;;;0
;;;0
;;;0
;;;0
;;;0
;;;0
;;;0
;;;0
;;;2,1
;;;0
;;;4,3
;;;0
;;;0
;;;0
;;;0
;;;0
;;;0
;;;0
;;;0
;;;21,7
;;;0
;;;0
;;;0
;;;5
;;;0
;;;0
;;;13
;;;2
;;;0
;;;0
;;;0
;;;0
;;;0
;;;6
;;;0
;;;0
;;;0
;;;0
;;;0
;;;0
;;;0
;;;0
;;;0
;;;0
;;;0
;;;0
;;;0
;;;0
;;;0
;;;0
;;;31
;;;6,6
;;;0
;;;0
;;;0
;;;0
;;;0
;;;0,6
;;;0
;;;0
;;;0
;;;0
;;;0
;;;0
;;;2,6
;;;0
;;;0
;;;0
;;;0
;;;0
;;;0
;;;0
;;;1
;;;0
;;;1,3
;;;0
;;;0
;;;1,6
;;;4,4
;;;0,6
;;;0
;;;0
;;;0
;;;0
;;;0,9
;;;1,4
;;;1,4
;;;2,6
;;;2,9
;;;0,8
;;;0
;;;0
;;;0
;;;0
;;;0
;;;0
;;;0
;;;0
;;;1,1
;;;0,3
;;;0,7
;;;0,4
;;;1,4
;;;1,2
;;;0
;;;0
;;;0
;;;1
;;;0
;;;0
;;;0
;;;0
;;;0,3
;;;7,8
;;;6,1
;;;0,4
;;;0
;;;0
;;;0
;;;0
;;;0
;;;0
;;;0
;;;0
;;;0
;;;0
;;;0
;;;0,7
;;;0
;;;0
;;;0
;;;0
;;;0
;;;1,4
;;;0,6
;;;0
;;;0,9
;;;7,8
;;;2,2
;;;0
;;;0
;;;0
;;;0
;;;0
;;;0
;;;0
;;;0
;;;0
;;;7
;;;22,2
;;;2,8
;;;11,3
;;;0
;;;0
;;;0
;;;0
;;;0
;;;0
;;;0,5
;;;3,9
;;;0
;;;0
;;;0
;;;0
;;;0
;;;0
;;;0
;;;0
;;;0
;;;13,3
;;;0
;;;0
;;;0
;;;0
;;;0
;;;13,6
;;;0
;;;0
;;;0
;;;0
;;;0
;;;3,4
;;;0
;;;0
;;;0
;;;0
;;;0
;;;0
;;;0
;;;0
;;;0
;;;0
;;;0
;;;0
;;;0
;;;0
;;;0
;;;0
;;;0
;;;0
;;;0
;;;0
;;;21,4
;;;0
;;;2,6
;;;0
;;;0
;;;0
;;;7
;;;0
;;;0
;;;7,2
;;;0
;;;0
;;;7,7
;;;23,8
;;;0
;;;0
;;;0
;;;0
;;;0,4
;;;14,8
;;;0
;;;0,9
;;;0
;;;0
;;;0
;;;0
;;;0
;;;0
;;;0
;;;7,8
;;;0
;;;0
;;;0
;;;4,1
;;;0
;;;0
;;;0
;;;0,4
;;;0,5
;;;0
;;;0
;;;0
;;;8,3
;;;0
;;;0
;;;5,7
;;;0,4
;;;0
;;;13
;;;0
;;;5,1
;;;0,8
;;;0
;;;8,2
;;;4,6
;;;0
;;;6,2
;;;0,4
;;;0
;;;0
;;;0
;;;6,2
;;;0
;;;2,4
;;;45,8
;;;16,4
;;;0
;;;0
;;;22,8
;;;9,1
;;;0
;;;0
;;;0
;;;2,6
;;;0
;;;0
;;;0
;;;3,1
;;;0
;;;11,6
;;;0
;;;0
;;;0
;;;0
;;;0
;;;0
;;;0
;;;0
;;;0
;;;0
;;;0
;;;0
;;;1,6
;;;0
;;;0
;;;3,7
;;;0
;;;0
;;;0
;;;0
;;;0
;;;0
;;;4
;;;0
;;;0
;;;0
;;;0
;;;0
;;;0
;;;0
;;;2,4
;;;27,4
;;;4
;;;33,6
;;;3
;;;0
;;;0
;;;0
;;;0
;;;0
;;;23
;;;5
;;;5
;;;0
;;;73
;;;0
;;;0
;;;0
;;;0
;;;0
;;;0
;;;0
;;;0
;;;0
;;;0
;;;0
;;;52
;;;1,8
;;;0
;;;0
;;;0
;;;0
;;;0
;;;2,1
;;;0
;;;0
;;;0
;;;0
;;;0
;;;0
;;;3
;;;0
;;;0
;;;0
;;;4,6
;;;0
;;;0
;;;0
;;;0
;;;0
;;;0
;;;4,7
;;;0
;;;0
;;;11,6
;;;1,2
;;;5,8
;;;1
;;;1
;;;0
;;;0
;;;0
;;;0
;;;0
;;;4,8
;;;0
;;;0
;;;0
;;;0
;;;0
;;;0
;;;0
;;;0
;;;0
;;;0
;;;4,4
;;;0,5
;;;27
;;;0
;;;0
;;;0
;;;0
;;;0
;;;0
;;;12,8
;;;1,9
;;;0
;;;0
;;;0
;;;0
;;;0
;;;0
;;;0
;;;0
;;;0
;;;5,9
;;;3,2
;;;0
;;;0
;;;0
;;;0
;;;0
;;;0
;;;0
;;;0
;;;15,7
;;;0
;;;0
;;;0
;;;0
;;;0
;;;0
;;;0
;;;0
;;;0
;;;0
;;;0
;;;0
;;;2,4
;;;0
;;;0
;;;0
;;;0
;;;0
;;;3,6
;;;0
;;;0
;;;0
;;;0
;;;0
;;;0
;;;3,3
;;;39,7
;;;0
;;;0
;;;0
;;;0
;;;0
;;;0
;;;13,2
;;;1,4
;;;0
;;;0
;;;0
;;;0
;;;0
;;;0
;;;0
;;;0
;;;0
;;;0
;;;0
;;;0
;;;0
;;;0
;;;0
;;;0
;;;0
;;;0
;;;0
;;;0
;;;0
;;;0
;;;0
;;;8,7
;;;8,3
;;;1,2
;;;0,5
;;;0
;;;1
;;;19,1
;;;4,4
;;;0
;;;0
;;;0
;;;0
;;;0
;;;1,3
;;;0
;;;0
;;;0
;;;0,4
;;;5,6
;;;0
;;;0
;;;1,3
;;;2,3
;;;8,3
;;;0
;;;0
;;;0
;;;0
;;;0
;;;0
;;;0
;;;0
;;;0
;;;0,5
;;;0
;;;0
;;;0
;;;0
;;;0
;;;0
;;;0
;;;0
;;;0
;;;0
;;;0
;;;0
;;;0
;;;0
;;;0
;;;0
;;;0
;;;0
;;;0
;;;0
;;;0
;;;0
;;;0
;;;0
;;;0
;;;0
;;;0
;;;0
;;;2,6
;;;0
;;;0
;;;0
;;;0
;;;1,9
;;;0
;;;0
;;;0
;;;4,6
;;;0
;;;0
;;;0
;;;0
;;;0
;;;0
;;;2,1
;;;0
;;;0
;;;0
;;;0
;;;0,4
;;;5,8
;;;1
;;;0,9
;;;0
;;;0
;;;0,8
;;;0,4
;;;0
;;;0
;;;1,8
;;;0
;;;0
;;;0
;;;1,6
;;;0
;;;0
;;;0
;;;0
;;;0
;;;0
;;;0
;;;0
;;;0
;;;0
;;;0
;;;0
;;;0
;;;29,8
;;;0,5
;;;0
;;;0
;;;0
;;;4,1
;;;0
;;;0
;;;0
;;;0
;;;0
;;;0
;;;0
;;;0
;;;0
;;;0
;;;0
;;;19,5
;;;2,1
;;;0
;;;0
;;;0
;;;1,3
;;;1
;;;0
;;;0
;;;0,8
;;;35,5
;;;4,1
;;;1,9
;;;0
;;;0
;;;0
;;;0
;;;0
;;;0
;;;0
;;;0
;;;0
;;;0
;;;0
;;;0
;;;0
;;;22,3
;;;3,1
;;;0
;;;0
;;;0,6
;;;0
;;;0
;;;0
;;;0
;;;0
;;;1
;;;0
;;;0
;;;3,5
;;;0,5
;;;0
;;;0
;;;5
;;;0
;;;0
;;;0
;;;0
;;;5,4
;;;1,2
;;;0
;;;0
;;;1
;;;0
;;;0
;;;0
;;;3,8
;;;0
;;;0
;;;0
;;;0
;;;0
;;;0
;;;0
;;;19,7
;;;3,7
;;;0
;;;0
;;;0
;;;14,3
;;;0
;;;0
;;;0
;;;0
;;;0,4
;;;53,4
;;;0
;;;0
;;;0
;;;22
;;;29
;;;0
;;;0
;;;12
;;;0
;;;0
;;;0
;;;0
;;;1
;;;0
;;;0
;;;0
;;;0
;;;0
;;;0
;;;0
;;;0
;;;0
;;;0
;;;0
;;;0
;;;0
;;;0
;;;15,5
;;;0
;;;0
;;;0
;;;0
;;;0
;;;0
;;;8,4
;;;5,4
;;;0,4
;;;0
;;;0
;;;0
;;;0
;;;0
;;;0
;;;25,4
;;;0
;;;0
;;;0
;;;5,4
;;;0
;;;0,3
;;;1,5
;;;0
;;;0
;;;0
;;;3,8
;;;0,6
;;;0
;;;0
;;;0
;;;0
;;;0
;;;0
;;;0
;;;0
;;;0
;;;0
;;;0
;;;0
;;;0
;;;0
;;;0
;;;7,2
;;;22,4
;;;0
;;;0
;;;0
;;;11,2
;;;3,4
;;;0
;;;0
;;;0
;;;0
;;;0
;;;2,3
;;;0
;;;0
;;;0
;;;0
;;;20,5
;;;14,2
;;;17,6
;;;1,1
;;;0
;;;0
;;;0
;;;0,7
;;;3,9
;;;0
;;;0
;;;0
;;;0
;;;0
;;;4,6
;;;0
;;;0
;;;0
;;;0
;;;0
;;;0
;;;0
;;;0
;;;0
;;;0
;;;0,7
;;;8,8
;;;0
;;;1,3
;;;50,1
;;;20,7
;;;0
;;;3,6
;;;0
;;;0
;;;0,6
;;;8,1
;;;5,4
;;;0,6
;;;0
;;;0
;;;0
;;;0
;;;0
;;;0
;;;9,3
;;;0
;;;0
;;;0
;;;0
;;;0
;;;4,1
;;;2,8
;;;0
;;;0
;;;0
;;;2,2
;;;4,2
;;;0
;;;0
;;;0
;;;0,5
;;;3,8
;;;2,3
;;;0
;;;0,7
;;;1,3
;;;0
;;;0
;;;0
;;;0
;;;0
;;;0
;;;0
;;;0
;;;0
;;;0
;;;0
;;;0
;;;84,8
;;;53,9
;;;0,5
;;;0
;;;0
;;;0
;;;1,4
;;;0,4
;;;0
;;;0
;;;3,4
;;;2,6
;;;0
;;;1,7
;;;2,9
;;;0,7
;;;0
;;;4,7
;;;0
;;;0
;;;0
;;;0
;;;1,4
;;;0
;;;6,4
;;;0
;;;0
;;;0
;;;0
;;;0
;;;0
;;;0
;;;0
;;;0
;;;1,1
;;;20,7
;;;24,5
;;;0,5
;;;0
;;;0
;;;0
;;;0
;;;0
;;;0
;;;0
;;;0
;;;0
;;;0
;;;0,4
;;;0
;;;7,6
;;;0
;;;0
;;;0
;;;0
;;;0
;;;0
;;;0
;;;0
;;;0
;;;0
;;;0
;;;0
;;;2,6
;;;0
;;;0
;;;0
;;;0
;;;0
;;;0
;;;2,2
;;;7,8
;;;0
;;;0
;;;0
;;;0
;;;0
;;;0
;;;1,5
;;;0,6
;;;0
;;;0
;;;0
;;;0
;;;12,2
;;;0,5
;;;3,2
;;;0
;;;0
;;;0
;;;0
;;;0
;;;0
;;;0
;;;0
;;;0
;;;0
;;;0
;;;0
;;;0
;;;0
;;;0
;;;12,4
;;;6,7
;;;0
;;;0
;;;0
;;;0
;;;0
;;;0
;;;13,8
;;;0
;;;0
;;;0
;;;0
;;;0
;;;10
;;;1
;;;0
;;;0
;;;0
;;;0
;;;0
;;;0
;;;5,4
;;;0
;;;0
;;;8,3
;;;1,2
;;;0
;;;22,4
;;;20,4
;;;0
;;;1,3
;;;0
;;;0
;;;0
;;;0
;;;0
;;;0
;;;0
;;;0
;;;0
;;;0
;;;0
;;;0
;;;0
;;;0
;;;0
;;;7,1
;;;58,7
;;;0
;;;0
;;;0
;;;0
;;;0
;;;0
;;;0
;;;5,2
;;;2,7
;;;44,2
;;;0,5
;;;0
;;;0
;;;0
;;;0
;;;0
;;;0
;;;0
;;;0
;;;0
;;;0
;;;0
;;;0
;;;0
;;;0,4
;;;0
;;;16,7
;;;0
;;;9,2
;;;0
;;;0
;;;0
;;;0
;;;0
;;;3,3
;;;15,5
;;;0
;;;0
;;;0,5
;;;0
;;;0
;;;0,6
;;;0
;;;0
;;;3,5
;;;20,9
;;;0
;;;0
;;;0
;;;0
;;;1,5
;;;14,4
;;;78,1
;;;7,5
;;;0
;;;0
;;;0
;;;20
;;;0
;;;0
;;;0
;;;6
;;;0
;;;0
;;;0
;;;0
;;;0
;;;0
;;;0
;;;0
;;;0
;;;0
;;;0
;;;0
;;;0
;;;0
;;;0
;;;0
;;;0
;;;0
;;;0
;;;0
;;;0
;;;0
;;;0
;;;7,2
;;;0
;;;0
;;;0
;;;0
;;;1,3
;;;2,7
;;;5,5
;;;2,6
;;;0
;;;0
;;;0
;;;0
;;;0
;;;8,3
;;;0
;;;0
;;;0
;;;0
;;;0
;;;0
;;;0
;;;0
;;;0
;;;0
;;;0
;;;0
;;;0
;;;2,3
;;;0
;;;0
;;;0,7
;;;0
;;;0
;;;12,5
;;;0,4
;;;0,7
;;;29,8
;;;0,7
;;;0
;;;0
;;;0
;;;0
;;;0
;;;0
;;;7,1
;;;3,2
;;;0,4
;;;0
;;;0
;;;0
;;;0
;;;0
;;;0
;;;0
;;;0
;;;0
;;;0
;;;0
;;;21,7
;;;43,7
;;;0
;;;57
;;;0
;;;0
;;;0
;;;0
;;;0
;;;0
;;;0
;;;0
;;;0
;;;0
;;;0
;;;0
;;;6,3
;;;0
;;;0
;;;0
;;;0
;;;0
;;;0
;;;0
;;;0
;;;0
;;;0
;;;1,7
;;;0
;;;0
;;;0
;;;0
;;;0
;;;0
;;;0
;;;0
;;;0
;;;0
;;;0
;;;0
;;;0
;;;0
;;;0,4
;;;0
;;;8,4
;;;8,2
;;;0
;;;0
;;;0
;;;0
;;;0
;;;0
;;;0
;;;0
;;;0
;;;0
;;;0
;;;0,6
;;;0
;;;0
;;;0
;;;0
;;;0
;;;0
;;;0
;;;0
;;;0
;;;0
;;;0,7
;;;0
;;;0,6
;;;0
;;;0
;;;0
;;;0
;;;0
;;;0
;;;0
;;;0
;;;0
;;;7,3
;;;6,1
;;;0,5
;;;0
;;;0
;;;0
;;;0
;;;0
;;;0
;;;0
;;;4,7
;;;0
;;;0
;;;0
;;;0
;;;0
;;;0
;;;0
;;;0
;;;0
;;;0
;;;2,2
;;;0
;;;0
;;;0
;;;0
;;;0
;;;0
;;;7,1
;;;0,4
;;;0
;;;16,6
;;;0,5
;;;0
;;;0
;;;0
;;;0
;;;0
;;;0
;;;0
;;;0
;;;0
;;;0
;;;0
;;;0
;;;0
;;;0
;;;0
;;;0
;;;0
;;;0
;;;0
;;;2,2
;;;9,2
;;;0
;;;0
;;;0
;;;0
;;;0
;;;0
;;;0
;;;0
;;;0
;;;0
;;;0
;;;0
;;;51,4
;;;0
;;;0
;;;0
;;;0
;;;0
;;;0
;;;10,9
;;;27,6
;;;2,8
;;;0
;;;0
;;;0
;;;0
;;;0
;;;0
;;;0
;;;0
;;;0
;;;0
;;;0
;;;0
;;;0,4
;;;0
;;;0
;;;0
;;;0
;;;0
;;;0
;;;11,9
;;;5,6
;;;0
;;;9,8
;;;0
;;;0
;;;5,1
;;;0
;;;0
;;;0
;;;0
;;;0
;;;0
;;;0
;;;0
;;;6,2
;;;0
;;;0
;;;0
;;;0
;;;0
;;;0
;;;22,6
;;;0
;;;0
;;;0
;;;0
;;;0
;;;0
;;;0
;;;0
;;;0
;;;0
;;;0
;;;0
;;;0
;;;6,8
;;;0
;;;0
;;;0
;;;0
;;;0
;;;0
;;;0
;;;0
;;;20,2
;;;0
;;;8,2
;;;0
;;;0
;;;0
;;;0
;;;6,8
;;;0
;;;0
;;;0
;;;2,3
;;;0
;;;0
;;;14,6
;;;0,5
;;;0
;;;0
;;;0
;;;7,1
;;;1,5
;;;5,8
;;;0
;;;0
;;;0
;;;0
;;;18,2
;;;2,4
;;;4,2
;;;0
;;;0
;;;0
;;;0
;;;0
;;;0
;;;0
;;;0
;;;1,6
;;;1,7
;;;0
;;;0
;;;1,9
;;;0
;;;0
;;;0
;;;0
;;;0
;;;0
;;;0
;;;0
;;;2,6
;;;0
;;;0
;;;0
;;;0
;;;0
;;;0
;;;0
;;;0
;;;0
;;;0
;;;0
;;;0
;;;4,5
;;;0
;;;0
;;;18,4
;;;6,2
;;;5,2
;;;0
;;;0
;;;0
;;;0
;;;11,5
;;;0
;;;0
;;;0
;;;0
;;;0
;;;0
;;;0
;;;0,3
;;;0
;;;23
;;;23,7
;;;17,2
;;;0
;;;0
;;;0
;;;10,2
;;;0
;;;0
;;;0
;;;0
;;;0
;;;0
;;;0
;;;0
;;;0
;;;0
;;;0,6
;;;0
;;;3,2
;;;8
;;;0
;;;6,8
;;;0,5
;;;0
;;;0
;;;0
;;;0
;;;0
;;;0
;;;22,4
;;;0
;;;0
;;;0
;;;0
;;;0
;;;0
;;;0
;;;0
;;;0
;;;0
;;;0
;;;0
;;;0
;;;0
;;;0
;;;0
;;;53,8
;;;16,8
;;;11,5
;;;0
;;;0
;;;4,4
;;;4,6
;;;9,3
;;;0
;;;0
;;;0
;;;0
;;;0
;;;0
;;;0
;;;12,6
;;;5,1
;;;0
;;;0
;;;0
;;;0
;;;0
;;;0
;;;0
;;;0
;;;0
;;;0
;;;0
;;;10,8
;;;0,6
;;;0
;;;0
;;;0
;;;0
;;;1
;;;0
;;;0
;;;0
;;;0
;;;0
;;;0
;;;0
;;;0
;;;0
;;;0
;;;0
;;;0
;;;0
;;;0
;;;0
;;;11,2
;;;0
;;;0
;;;5,2
;;;1,3
;;;0
;;;0
;;;0
;;;0
;;;0
;;;1,5
;;;15,2
;;;3,6
;;;0
;;;0
;;;0
;;;0
;;;2,7
;;;3
;;;0
;;;0
;;;0
;;;0
;;;0
;;;0
;;;0
;;;0
;;;0
;;;0
;;;0
;;;0
;;;0
;;;0
;;;0
;;;0
;;;0
;;;0
;;;0
;;;0
;;;0
;;;0
;;;0
;;;0
;;;0
;;;0
;;;0
;;;0
;;;0
;;;0,7
;;;0
;;;0
;;;0
;;;0
;;;0
;;;0
;;;0
;;;0
;;;0
;;;0
;;;0
;;;0
;;;0
;;;0
;;;0
;;;0,8
;;;0
;;;0
;;;0
;;;0
;;;0
;;;0
;;;0
;;;0
;;;0
;;;21,2
;;;1,4
;;;9,8
;;;0
;;;0
;;;0
;;;0
;;;0
;;;0
;;;0
;;;0
;;;1
;;;2,2
;;;0
;;;0
;;;0
;;;0
;;;0
;;;0
;;;0
;;;9,4
;;;0
;;;0
;;;0,4
;;;0
;;;0
;;;0,4
;;;0
;;;0
;;;0
;;;0
;;;0
;;;4,4
;;;0
;;;0
;;;0
;;;0
;;;0
;;;0
;;;0
;;;0
;;;0
;;;0
;;;0
;;;0
;;;0,7
;;;0
;;;0
;;;0
;;;0
;;;0
;;;0
;;;0
;;;0
;;;0
;;;1,3
;;;0
;;;0
;;;0
;;;0
;;;0
;;;2,8
;;;0
;;;0
;;;0
;;;0
;;;0
;;;0
;;;0
;;;0
;;;0
;;;0
;;;0
;;;0
;;;0,8
;;;9
;;;0
;;;0
;;;0
;;;0
;;;0
;;;0
;;;0
;;;0
;;;0
;;;0
;;;0
;;;0
;;;2,7
;;;0
;;;0
;;;0
;;;21,6
;;;11,6
;;;0
;;;5
;;;5,9
;;;4,3
;;;0
;;;0
;;;0
;;;0
;;;0
;;;0
;;;0
;;;0
;;;0
;;;0
;;;0
;;;9
;;;0
;;;31
;;;0
;;;0
;;;2,8
;;;0
;;;13,6
;;;0
;;;4,7
;;;0
;;;0
;;;0
;;;0
;;;5
;;;8,9
;;;1,4
;;;0,4
;;;5,1
;;;0
;;;0
;;;0
;;;0
;;;0
;;;0
;;;0
;;;1,4
;;;0
;;;0
;;;5,1
;;;0,5
;;;10,4
;;;0
;;;0
;;;0
;;;0
;;;0
;;;0
;;;0
;;;0
;;;0
;;;10,7
;;;0,6
;;;0
;;;0
;;;0
;;;0
;;;0
;;;0
;;;0
;;;0
;;;47,6
;;;0
;;;0
;;;0
;;;0
;;;0
;;;0
;;;0
;;;0
;;;0
;;;0
;;;0
;;;0
;;;0
;;;0
;;;0
;;;3
;;;0
;;;0
;;;25,5
;;;0
;;;0
;;;0
;;;23,8
;;;0
;;;0
;;;0
;;;0
;;;0
;;;0
;;;0
;;;16
;;;0
;;;0
;;;0
;;;0
;;;0
;;;19,3
;;;0
;;;0
;;;0
;;;0
;;;17,6
;;;0
;;;0
;;;10,4
;;;25,2
;;;4,2
;;;0
;;;0
;;;0
;;;0
;;;0
;;;0
;;;0
;;;0
;;;0
;;;0
;;;9,3
;;;0
;;;0
;;;3,6
;;;0
;;;0
;;;9,8
;;;0,9
;;;0
;;;67,8
;;;0
;;;0
;;;0
;;;0
;;;2,5
;;;0
;;;0
;;;0
;;;45,3
;;;0,8
;;;0
;;;0
;;;4,4
;;;0
;;;0
;;;0
;;;0
;;;0
;;;41,8
;;;0
;;;0
;;;0
;;;0
;;;0
;;;1
;;;0
;;;0
;;;0
;;;0
;;;0
;;;8,4
;;;0
;;;8,1
;;;2,4
;;;0
;;;2,1
;;;0
;;;0
;;;4,8
;;;6,1
;;;0
;;;0
;;;0
;;;0
;;;0
;;;0
;;;0
;;;0
;;;0
;;;0
;;;28,4
;;;29,6
;;;0
;;;0
;;;0
;;;0
;;;0
;;;32,7
;;;4,2
;;;0
;;;0
;;;0
;;;0
;;;0
;;;0
;;;0
;;;0
;;;0
;;;20,7
;;;0
;;;0
;;;0
;;;12,2
;;;0
;;;1,6
;;;0
;;;4,6
;;;0
;;;0
;;;0
;;;0
;;;0
;;;0
;;;0
;;;0,6
;;;0
;;;0
;;;0
;;;0
;;;0
;;;0
;;;0
;;;0
;;;0
;;;0
;;;0
;;;0
;;;0
;;;0
;;;0
;;;0
;;;0
;;;0
;;;0
;;;0
;;;1,2
;;;1,5
;;;0,5
;;;0
;;;2,5
;;;0
;;;0
;;;0
;;;0
;;;24,2
;;;0
;;;9,2
;;;0
;;;0
;;;0
;;;10,1
;;;0
;;;0
;;;0
;;;0
;;;0
;;;0
;;;0
;;;0,8
;;;0
;;;0
;;;0
;;;0
;;;0
;;;0
;;;0
;;;0
;;;0
;;;0
;;;0
;;;0
;;;0
;;;0
;;;0
;;;0
;;;0
;;;0
;;;0
;;;0
;;;0
;;;0
;;;0
;;;0
;;;8,5
;;;0
;;;0
;;;0
;;;0
;;;0
;;;0
;;;8,2
;;;0
;;;0,6
;;;1,3
;;;0,8
;;;0
;;;0
;;;0
;;;0
;;;0
;;;0
;;;0,7
;;;0
;;;0
;;;0
;;;0
;;;0
;;;0
;;;0
;;;0
;;;2,2
;;;9,8
;;;0
;;;0,9
;;;2
;;;21,4
;;;0
;;;0
;;;0
;;;0
;;;0
;;;0
;;;0
;;;0
;;;0,5
;;;0
;;;0,8
;;;0
;;;0
;;;0
;;;0,4
;;;0
;;;0
;;;0
;;;0
;;;0
;;;0
;;;7,5
;;;0
;;;0
;;;0
;;;0
;;;0
;;;0,6
;;;0
;;;0
;;;0
;;;0
;;;0
;;;11,2
;;;1,8
;;;0
;;;0
;;;0
;;;0
;;;7,6
;;;0
;;;0
;;;0
;;;0
;;;0
;;;0
;;;2,6
;;;1,4
;;;0
;;;0
;;;0
;;;16,2
;;;0
;;;0
;;;0
;;;0
;;;5,7
;;;0
;;;0
;;;36,8
;;;0
;;;0
;;;0
;;;0
;;;0
;;;0
;;;6,4
;;;0
;;;0
;;;0
;;;0
;;;0
;;;0
;;;0
;;;0
;;;0
;;;0
;;;1,1
;;;0
;;;0
;;;0
;;;0
;;;0
;;;0
;;;7,5
;;;0
;;;0
;;;0
;;;0,4
;;;0
;;;0
;;;2,2
;;;0
;;;10,7
;;;0
;;;36,8
;;;0
;;;0
;;;4
;;;10
;;;0
;;;0
;;;0
;;;0
;;;0
;;;0
;;;3
;;;0
;;;0
;;;0
;;;0
;;;0
;;;0
;;;0,5
;;;30
;;;3
;;;0
;;;23,5
;;;0
;;;3
;;;0
;;;0
;;;0
;;;0
;;;0
;;;0,3
;;;0
;;;0
;;;0
;;;0
;;;0
;;;0
;;;0
;;;0
;;;0
;;;0
;;;0
;;;0
;;;0
;;;0
;;;0
;;;6
;;;0
;;;2
;;;0
;;;0
;;;15,5
;;;0,3
;;;0
;;;0
;;;13,8
;;;1,8
;;;4,4
;;;0
;;;0
;;;0
;;;0
;;;0
;;;0
;;;0
;;;0
;;;0
;;;0
;;;12
;;;0
;;;0
;;;0
;;;33,5
;;;0
;;;0
;;;0
;;;0
;;;0
;;;0
;;;0
;;;0
;;;0,6
;;;3,7
;;;0
;;;0
;;;12
;;;6
;;;0
;;;0
;;;0
;;;0
;;;0
;;;0
;;;0
;;;2,9
;;;0
;;;0
;;;0
;;;0
;;;0
;;;0
;;;12,2
;;;0,7
;;;0
;;;1,7
;;;0
;;;0
;;;0
;;;0
;;;0
;;;0
;;;0
;;;0
;;;0
;;;0
;;;0
;;;0
;;;0
;;;7,4
;;;4,1
;;;9,2
;;;40
;;;1,5
;;;0
;;;0
;;;0
;;;0
;;;0
;;;31,7
;;;0
;;;1,1
;;;0
;;;0
;;;0
;;;0
;;;0,5
;;;0
;;;0
;;;0
;;;0
;;;0
;;;0
;;;0,6
;;;1,5
;;;0
;;;0
;;;0
;;;0
;;;0
;;;2,2
;;;0
;;;0
;;;1,4
;;;0
;;;0
;;;0
;;;0
;;;0
;;;0
;;;3,8
;;;1,5
;;;0
;;;0
;;;0
;;;0
;;;0
;;;0
;;;0
;;;0
;;;2,2
;;;0
;;;0
;;;0
;;;0
;;;10,6
;;;0,5
;;;9,2
;;;0
;;;0
;;;0
;;;0,7
;;;0
;;;0
;;;0
;;;0
;;;1,2
;;;0
;;;0
;;;3,3
;;;0,6
;;;0,8
;;;1,1
;;;0
;;;0
;;;0
;;;0
;;;0
;;;0
;;;0
;;;0
;;;0
;;;0
;;;0
;;;0,6
;;;0
;;;0
;;;0
;;;0
;;;0
;;;0
;;;0
;;;0
;;;0
;;;0
;;;0
;;;0
;;;0
;;;0
;;;0
;;;0
;;;0
;;;0
;;;0
;;;0
;;;0
;;;0
;;;0
;;;0
;;;0
;;;0
;;;0
;;;0
;;;0
;;;0
;;;4
;;;44
;;;0,6
;;;0,1
;;;0
;;;1,8
;;;0
;;;0
;;;0
;;;0
;;;0
;;;0
;;;0
;;;0
;;;0
;;;8,3
;;;0,8
;;;0
;;;0,2
;;;0
;;;0
;;;0
;;;0
;;;0
;;;0
;;;0
;;;0
;;;0
;;;0
;;;0
;;;0
;;;0
;;;0
;;;0
;;;2
;;;3,9
;;;0
;;;0
;;;0
;;;0
;;;0
;;;0
;;;0
;;;0
;;;15,5
;;;0
;;;32,5
;;;0
;;;0
;;;0
;;;0
;;;0
;;;0
;;;0
;;;15,5
;;;0,5
;;;0
;;;0
;;;0
;;;0
;;;0
;;;0
;;;0
;;;0
;;;0
;;;0
;;;0
;;;0
;;;16,5
;;;0
;;;0
;;;10,5
;;;0
;;;0
;;;0
;;;0
;;;0
;;;0
;;;0
;;;0
;;;0,6
;;;0
;;;0
;;;0
;;;0
;;;0
;;;0
;;;13
;;;0
;;;28,2
;;;3,5
;;;0
;;;4
;;;0
;;;0
;;;6,3
;;;23
;;;2,8
;;;0
;;;0
;;;0
;;;21
;;;30,2
;;;0
;;;0
;;;0
;;;0
;;;0
;;;0
;;;0
;;;24,5
;;;6,5
;;;0
;;;0
;;;1,3
;;;0
;;;12
